season,round_w,venue,provider,lat,lon,tz,captured_at_utc,forecast_time_utc,game_key_w,temp_c,wind_speed_ms,wind_gust_ms,rain_prob,pressure_hpa,cloud_pct,raw_payload,round_1,season_1,venue_1,venue_norm,venue_norm_canon,venue_id,weather_time_utc,payload_json,game_key_f,round_f,scheduled_time_utc
2025,finals_w1,Adelaide Oval,open-meteo,-34.91558,138.59619,Australia/Adelaide,2025-08-30 06:28:27.877350+00:00,2025-09-04T03:00:00+00:00,2025_finals_w1_adelaide-crows_collingwood_20250904T094000Z,12.7,4.24,6.4,0.07,1022.8,100.0,"{'elevation': 23.0, 'generationtime_ms': 1.2940168380737305}",finals_w1,2025,Adelaide Oval,adelaide oval,adelaide oval,vn_0635dce461b5,2025-09-04 03:00:00+00:00,"{""provider"": ""open-meteo"", ""lat"": -34.91558, ""lon"": 138.59619, ""tz"": ""Australia/Adelaide"", ""forecast_time_utc"": ""2025-09-04T03:00:00+00:00"", ""game_key"": ""2025_finals_w1_adelaide-crows_collingwood_20250904T094000Z"", ""wind_speed_ms"": 4.24, ""wind_gust_ms"": 6.4, ""rain_prob"": 0.07, ""cloud_pct"": 100.0, ""raw_payload"": {""elevation"": 23.0, ""generationtime_ms"": 1.2940168380737305}, ""round_1"": ""finals_w1"", ""season_1"": 2025, ""venue_1"": ""Adelaide Oval""}",2025_finals_w1_adelaide-crows_collingwood_20250904T094000Z,finals_w1,2025-09-04 17:40:00+00:00
2025,finals_w1,Adelaide Oval,open-meteo,-34.91558,138.59619,Australia/Adelaide,2025-08-30 06:28:27.877350+00:00,2025-09-04T04:00:00+00:00,2025_finals_w1_adelaide-crows_collingwood_20250904T094000Z,12.3,4.5,6.5,0.08,1023.0,100.0,"{'elevation': 23.0, 'generationtime_ms': 1.2940168380737305}",finals_w1,2025,Adelaide Oval,adelaide oval,adelaide oval,vn_0635dce461b5,2025-09-04 04:00:00+00:00,"{""provider"": ""open-meteo"", ""lat"": -34.91558, ""lon"": 138.59619, ""tz"": ""Australia/Adelaide"", ""forecast_time_utc"": ""2025-09-04T04:00:00+00:00"", ""game_key"": ""2025_finals_w1_adelaide-crows_collingwood_20250904T094000Z"", ""wind_speed_ms"": 4.5, ""wind_gust_ms"": 6.5, ""rain_prob"": 0.08, ""cloud_pct"": 100.0, ""raw_payload"": {""elevation"": 23.0, ""generationtime_ms"": 1.2940168380737305}, ""round_1"": ""finals_w1"", ""season_1"": 2025, ""venue_1"": ""Adelaide Oval""}",2025_finals_w1_adelaide-crows_collingwood_20250904T094000Z,finals_w1,2025-09-04 17:40:00+00:00
2025,finals_w1,Adelaide Oval,open-meteo,-34.91558,138.59619,Australia/Adelaide,2025-08-30 06:28:27.877350+00:00,2025-09-04T05:00:00+00:00,2025_finals_w1_adelaide-crows_collingwood_20250904T094000Z,12.0,4.82,6.6,0.09,1023.1,100.0,"{'elevation': 23.0, 'generationtime_ms': 1.2940168380737305}",finals_w1,2025,Adelaide Oval,adelaide oval,adelaide oval,vn_0635dce461b5,2025-09-04 05:00:00+00:00,"{""provider"": ""open-meteo"", ""lat"": -34.91558, ""lon"": 138.59619, ""tz"": ""Australia/Adelaide"", ""forecast_time_utc"": ""2025-09-04T05:00:00+00:00"", ""game_key"": ""2025_finals_w1_adelaide-crows_collingwood_20250904T094000Z"", ""wind_speed_ms"": 4.82, ""wind_gust_ms"": 6.6, ""rain_prob"": 0.09, ""cloud_pct"": 100.0, ""raw_payload"": {""elevation"": 23.0, ""generationtime_ms"": 1.2940168380737305}, ""round_1"": ""finals_w1"", ""season_1"": 2025, ""venue_1"": ""Adelaide Oval""}",2025_finals_w1_adelaide-crows_collingwood_20250904T094000Z,finals_w1,2025-09-04 17:40:00+00:00
2025,finals_w1,Adelaide Oval,open-meteo,-34.91558,138.59619,Australia/Adelaide,2025-08-30 06:28:27.877350+00:00,2025-09-04T06:00:00+00:00,2025_finals_w1_adelaide-crows_collingwood_20250904T094000Z,11.6,4.93,6.7,0.11,1023.0,100.0,"{'elevation': 23.0, 'generationtime_ms': 1.2940168380737305}",finals_w1,2025,Adelaide Oval,adelaide oval,adelaide oval,vn_0635dce461b5,2025-09-04 06:00:00+00:00,"{""provider"": ""open-meteo"", ""lat"": -34.91558, ""lon"": 138.59619, ""tz"": ""Australia/Adelaide"", ""forecast_time_utc"": ""2025-09-04T06:00:00+00:00"", ""game_key"": ""2025_finals_w1_adelaide-crows_collingwood_20250904T094000Z"", ""wind_speed_ms"": 4.93, ""wind_gust_ms"": 6.7, ""rain_prob"": 0.11, ""cloud_pct"": 100.0, ""raw_payload"": {""elevation"": 23.0, ""generationtime_ms"": 1.2940168380737305}, ""round_1"": ""finals_w1"", ""season_1"": 2025, ""venue_1"": ""Adelaide Oval""}",2025_finals_w1_adelaide-crows_collingwood_20250904T094000Z,finals_w1,2025-09-04 17:40:00+00:00
2025,finals_w1,Adelaide Oval,open-meteo,-34.91558,138.59619,Australia/Adelaide,2025-08-30 06:28:27.877350+00:00,2025-09-04T07:00:00+00:00,2025_finals_w1_adelaide-crows_collingwood_20250904T094000Z,11.4,5.15,6.8,0.13,1022.9,100.0,"{'elevation': 23.0, 'generationtime_ms': 1.2940168380737305}",finals_w1,2025,Adelaide Oval,adelaide oval,adelaide oval,vn_0635dce461b5,2025-09-04 07:00:00+00:00,"{""provider"": ""open-meteo"", ""lat"": -34.91558, ""lon"": 138.59619, ""tz"": ""Australia/Adelaide"", ""forecast_time_utc"": ""2025-09-04T07:00:00+00:00"", ""game_key"": ""2025_finals_w1_adelaide-crows_collingwood_20250904T094000Z"", ""wind_speed_ms"": 5.15, ""wind_gust_ms"": 6.8, ""rain_prob"": 0.13, ""cloud_pct"": 100.0, ""raw_payload"": {""elevation"": 23.0, ""generationtime_ms"": 1.2940168380737305}, ""round_1"": ""finals_w1"", ""season_1"": 2025, ""venue_1"": ""Adelaide Oval""}",2025_finals_w1_adelaide-crows_collingwood_20250904T094000Z,finals_w1,2025-09-04 17:40:00+00:00
2025,finals_w1,Adelaide Oval,open-meteo,-34.91558,138.59619,Australia/Adelaide,2025-08-30 06:28:27.877350+00:00,2025-09-04T08:00:00+00:00,2025_finals_w1_adelaide-crows_collingwood_20250904T094000Z,11.3,5.36,7.3,0.15,1022.6,100.0,"{'elevation': 23.0, 'generationtime_ms': 1.2940168380737305}",finals_w1,2025,Adelaide Oval,adelaide oval,adelaide oval,vn_0635dce461b5,2025-09-04 08:00:00+00:00,"{""provider"": ""open-meteo"", ""lat"": -34.91558, ""lon"": 138.59619, ""tz"": ""Australia/Adelaide"", ""forecast_time_utc"": ""2025-09-04T08:00:00+00:00"", ""game_key"": ""2025_finals_w1_adelaide-crows_collingwood_20250904T094000Z"", ""wind_speed_ms"": 5.36, ""wind_gust_ms"": 7.3, ""rain_prob"": 0.15, ""cloud_pct"": 100.0, ""raw_payload"": {""elevation"": 23.0, ""generationtime_ms"": 1.2940168380737305}, ""round_1"": ""finals_w1"", ""season_1"": 2025, ""venue_1"": ""Adelaide Oval""}",2025_finals_w1_adelaide-crows_collingwood_20250904T094000Z,finals_w1,2025-09-04 17:40:00+00:00
2025,finals_w1,Adelaide Oval,open-meteo,-34.91558,138.59619,Australia/Adelaide,2025-08-30 06:28:27.877350+00:00,2025-09-04T09:00:00+00:00,2025_finals_w1_adelaide-crows_collingwood_20250904T094000Z,11.2,5.76,7.9,0.17,1022.3,100.0,"{'elevation': 23.0, 'generationtime_ms': 1.2940168380737305}",finals_w1,2025,Adelaide Oval,adelaide oval,adelaide oval,vn_0635dce461b5,2025-09-04 09:00:00+00:00,"{""provider"": ""open-meteo"", ""lat"": -34.91558, ""lon"": 138.59619, ""tz"": ""Australia/Adelaide"", ""forecast_time_utc"": ""2025-09-04T09:00:00+00:00"", ""game_key"": ""2025_finals_w1_adelaide-crows_collingwood_20250904T094000Z"", ""wind_speed_ms"": 5.76, ""wind_gust_ms"": 7.9, ""rain_prob"": 0.17, ""cloud_pct"": 100.0, ""raw_payload"": {""elevation"": 23.0, ""generationtime_ms"": 1.2940168380737305}, ""round_1"": ""finals_w1"", ""season_1"": 2025, ""venue_1"": ""Adelaide Oval""}",2025_finals_w1_adelaide-crows_collingwood_20250904T094000Z,finals_w1,2025-09-04 17:40:00+00:00
2025,finals_w1,Adelaide Oval,open-meteo,-34.91558,138.59619,Australia/Adelaide,2025-08-30 06:28:27.877350+00:00,2025-09-04T10:00:00+00:00,2025_finals_w1_adelaide-crows_collingwood_20250904T094000Z,11.2,6.35,8.4,0.19,1022.1,100.0,"{'elevation': 23.0, 'generationtime_ms': 1.2940168380737305}",finals_w1,2025,Adelaide Oval,adelaide oval,adelaide oval,vn_0635dce461b5,2025-09-04 10:00:00+00:00,"{""provider"": ""open-meteo"", ""lat"": -34.91558, ""lon"": 138.59619, ""tz"": ""Australia/Adelaide"", ""forecast_time_utc"": ""2025-09-04T10:00:00+00:00"", ""game_key"": ""2025_finals_w1_adelaide-crows_collingwood_20250904T094000Z"", ""wind_speed_ms"": 6.35, ""wind_gust_ms"": 8.4, ""rain_prob"": 0.19, ""cloud_pct"": 100.0, ""raw_payload"": {""elevation"": 23.0, ""generationtime_ms"": 1.2940168380737305}, ""round_1"": ""finals_w1"", ""season_1"": 2025, ""venue_1"": ""Adelaide Oval""}",2025_finals_w1_adelaide-crows_collingwood_20250904T094000Z,finals_w1,2025-09-04 17:40:00+00:00
2025,finals_w1,Adelaide Oval,open-meteo,-34.91558,138.59619,Australia/Adelaide,2025-08-30 06:28:27.877350+00:00,2025-09-04T11:00:00+00:00,2025_finals_w1_adelaide-crows_collingwood_20250904T094000Z,11.2,7.29,9.7,0.21,1022.1,100.0,"{'elevation': 23.0, 'generationtime_ms': 1.2940168380737305}",finals_w1,2025,Adelaide Oval,adelaide oval,adelaide oval,vn_0635dce461b5,2025-09-04 11:00:00+00:00,"{""provider"": ""open-meteo"", ""lat"": -34.91558, ""lon"": 138.59619, ""tz"": ""Australia/Adelaide"", ""forecast_time_utc"": ""2025-09-04T11:00:00+00:00"", ""game_key"": ""2025_finals_w1_adelaide-crows_collingwood_20250904T094000Z"", ""wind_speed_ms"": 7.29, ""wind_gust_ms"": 9.7, ""rain_prob"": 0.21, ""cloud_pct"": 100.0, ""raw_payload"": {""elevation"": 23.0, ""generationtime_ms"": 1.2940168380737305}, ""round_1"": ""finals_w1"", ""season_1"": 2025, ""venue_1"": ""Adelaide Oval""}",2025_finals_w1_adelaide-crows_collingwood_20250904T094000Z,finals_w1,2025-09-04 17:40:00+00:00
2025,finals_w1,Adelaide Oval,open-meteo,-34.91558,138.59619,Australia/Adelaide,2025-08-30 06:28:27.877350+00:00,2025-09-04T12:00:00+00:00,2025_finals_w1_adelaide-crows_collingwood_20250904T094000Z,11.2,8.39,10.9,0.24,1022.2,100.0,"{'elevation': 23.0, 'generationtime_ms': 1.2940168380737305}",finals_w1,2025,Adelaide Oval,adelaide oval,adelaide oval,vn_0635dce461b5,2025-09-04 12:00:00+00:00,"{""provider"": ""open-meteo"", ""lat"": -34.91558, ""lon"": 138.59619, ""tz"": ""Australia/Adelaide"", ""forecast_time_utc"": ""2025-09-04T12:00:00+00:00"", ""game_key"": ""2025_finals_w1_adelaide-crows_collingwood_20250904T094000Z"", ""wind_speed_ms"": 8.39, ""wind_gust_ms"": 10.9, ""rain_prob"": 0.24, ""cloud_pct"": 100.0, ""raw_payload"": {""elevation"": 23.0, ""generationtime_ms"": 1.2940168380737305}, ""round_1"": ""finals_w1"", ""season_1"": 2025, ""venue_1"": ""Adelaide Oval""}",2025_finals_w1_adelaide-crows_collingwood_20250904T094000Z,finals_w1,2025-09-04 17:40:00+00:00
2025,finals_w1,Adelaide Oval,open-meteo,-34.91558,138.59619,Australia/Adelaide,2025-08-30 06:28:27.877350+00:00,2025-09-04T13:00:00+00:00,2025_finals_w1_adelaide-crows_collingwood_20250904T094000Z,11.3,9.21,12.2,0.25,1022.3,100.0,"{'elevation': 23.0, 'generationtime_ms': 1.2940168380737305}",finals_w1,2025,Adelaide Oval,adelaide oval,adelaide oval,vn_0635dce461b5,2025-09-04 13:00:00+00:00,"{""provider"": ""open-meteo"", ""lat"": -34.91558, ""lon"": 138.59619, ""tz"": ""Australia/Adelaide"", ""forecast_time_utc"": ""2025-09-04T13:00:00+00:00"", ""game_key"": ""2025_finals_w1_adelaide-crows_collingwood_20250904T094000Z"", ""wind_speed_ms"": 9.21, ""wind_gust_ms"": 12.2, ""rain_prob"": 0.25, ""cloud_pct"": 100.0, ""raw_payload"": {""elevation"": 23.0, ""generationtime_ms"": 1.2940168380737305}, ""round_1"": ""finals_w1"", ""season_1"": 2025, ""venue_1"": ""Adelaide Oval""}",2025_finals_w1_adelaide-crows_collingwood_20250904T094000Z,finals_w1,2025-09-04 17:40:00+00:00
2025,finals_w1,Adelaide Oval,open-meteo,-34.91558,138.59619,Australia/Adelaide,2025-08-30 06:28:27.877350+00:00,2025-09-04T14:00:00+00:00,2025_finals_w1_adelaide-crows_collingwood_20250904T094000Z,11.4,9.73,12.8,0.27,1022.4,100.0,"{'elevation': 23.0, 'generationtime_ms': 1.2940168380737305}",finals_w1,2025,Adelaide Oval,adelaide oval,adelaide oval,vn_0635dce461b5,2025-09-04 14:00:00+00:00,"{""provider"": ""open-meteo"", ""lat"": -34.91558, ""lon"": 138.59619, ""tz"": ""Australia/Adelaide"", ""forecast_time_utc"": ""2025-09-04T14:00:00+00:00"", ""game_key"": ""2025_finals_w1_adelaide-crows_collingwood_20250904T094000Z"", ""wind_speed_ms"": 9.73, ""wind_gust_ms"": 12.8, ""rain_prob"": 0.27, ""cloud_pct"": 100.0, ""raw_payload"": {""elevation"": 23.0, ""generationtime_ms"": 1.2940168380737305}, ""round_1"": ""finals_w1"", ""season_1"": 2025, ""venue_1"": ""Adelaide Oval""}",2025_finals_w1_adelaide-crows_collingwood_20250904T094000Z,finals_w1,2025-09-04 17:40:00+00:00
2025,finals_w1,Adelaide Oval,open-meteo,-34.91558,138.59619,Australia/Adelaide,2025-08-30 06:28:27.877350+00:00,2025-09-04T15:00:00+00:00,2025_finals_w1_adelaide-crows_collingwood_20250904T094000Z,11.7,10.1,13.5,0.28,1022.6,100.0,"{'elevation': 23.0, 'generationtime_ms': 1.2940168380737305}",finals_w1,2025,Adelaide Oval,adelaide oval,adelaide oval,vn_0635dce461b5,2025-09-04 15:00:00+00:00,"{""provider"": ""open-meteo"", ""lat"": -34.91558, ""lon"": 138.59619, ""tz"": ""Australia/Adelaide"", ""forecast_time_utc"": ""2025-09-04T15:00:00+00:00"", ""game_key"": ""2025_finals_w1_adelaide-crows_collingwood_20250904T094000Z"", ""wind_speed_ms"": 10.1, ""wind_gust_ms"": 13.5, ""rain_prob"": 0.28, ""cloud_pct"": 100.0, ""raw_payload"": {""elevation"": 23.0, ""generationtime_ms"": 1.2940168380737305}, ""round_1"": ""finals_w1"", ""season_1"": 2025, ""venue_1"": ""Adelaide Oval""}",2025_finals_w1_adelaide-crows_collingwood_20250904T094000Z,finals_w1,2025-09-04 17:40:00+00:00
2025,finals_w1,Melbourne Cricket Ground,open-meteo,-37.819954,144.983398,Australia/Melbourne,2025-08-30 06:28:27.877350+00:00,2025-09-05T03:00:00+00:00,2025_finals_w1_geelong-cats_brisbane-lions_20250905T094000Z,8.2,0.63,2.1,0.18,1027.4,100.0,"{'elevation': 13.0, 'generationtime_ms': 0.2503395080566406}",finals_w1,2025,Melbourne Cricket Ground,melbourne cricket ground,the mcg,vn_23749d6cd7ec,2025-09-05 03:00:00+00:00,"{""provider"": ""open-meteo"", ""lat"": -37.819954, ""lon"": 144.983398, ""tz"": ""Australia/Melbourne"", ""forecast_time_utc"": ""2025-09-05T03:00:00+00:00"", ""game_key"": ""2025_finals_w1_geelong-cats_brisbane-lions_20250905T094000Z"", ""wind_speed_ms"": 0.63, ""wind_gust_ms"": 2.1, ""rain_prob"": 0.18, ""cloud_pct"": 100.0, ""raw_payload"": {""elevation"": 13.0, ""generationtime_ms"": 0.2503395080566406}, ""round_1"": ""finals_w1"", ""season_1"": 2025, ""venue_1"": ""Melbourne Cricket Ground""}",2025_finals_w1_geelong-cats_brisbane-lions_20250905T094000Z,finals_w1,2025-09-05 17:40:00+00:00
2025,finals_w1,Melbourne Cricket Ground,open-meteo,-37.819954,144.983398,Australia/Melbourne,2025-08-30 06:28:27.877350+00:00,2025-09-05T04:00:00+00:00,2025_finals_w1_geelong-cats_brisbane-lions_20250905T094000Z,7.6,1.0,1.9,0.18,1027.3,100.0,"{'elevation': 13.0, 'generationtime_ms': 0.2503395080566406}",finals_w1,2025,Melbourne Cricket Ground,melbourne cricket ground,the mcg,vn_23749d6cd7ec,2025-09-05 04:00:00+00:00,"{""provider"": ""open-meteo"", ""lat"": -37.819954, ""lon"": 144.983398, ""tz"": ""Australia/Melbourne"", ""forecast_time_utc"": ""2025-09-05T04:00:00+00:00"", ""game_key"": ""2025_finals_w1_geelong-cats_brisbane-lions_20250905T094000Z"", ""wind_speed_ms"": 1.0, ""wind_gust_ms"": 1.9, ""rain_prob"": 0.18, ""cloud_pct"": 100.0, ""raw_payload"": {""elevation"": 13.0, ""generationtime_ms"": 0.2503395080566406}, ""round_1"": ""finals_w1"", ""season_1"": 2025, ""venue_1"": ""Melbourne Cricket Ground""}",2025_finals_w1_geelong-cats_brisbane-lions_20250905T094000Z,finals_w1,2025-09-05 17:40:00+00:00
2025,finals_w1,Melbourne Cricket Ground,open-meteo,-37.819954,144.983398,Australia/Melbourne,2025-08-30 06:28:27.877350+00:00,2025-09-05T05:00:00+00:00,2025_finals_w1_geelong-cats_brisbane-lions_20250905T094000Z,7.0,1.1,1.9,0.18,1027.2,100.0,"{'elevation': 13.0, 'generationtime_ms': 0.2503395080566406}",finals_w1,2025,Melbourne Cricket Ground,melbourne cricket ground,the mcg,vn_23749d6cd7ec,2025-09-05 05:00:00+00:00,"{""provider"": ""open-meteo"", ""lat"": -37.819954, ""lon"": 144.983398, ""tz"": ""Australia/Melbourne"", ""forecast_time_utc"": ""2025-09-05T05:00:00+00:00"", ""game_key"": ""2025_finals_w1_geelong-cats_brisbane-lions_20250905T094000Z"", ""wind_speed_ms"": 1.1, ""wind_gust_ms"": 1.9, ""rain_prob"": 0.18, ""cloud_pct"": 100.0, ""raw_payload"": {""elevation"": 13.0, ""generationtime_ms"": 0.2503395080566406}, ""round_1"": ""finals_w1"", ""season_1"": 2025, ""venue_1"": ""Melbourne Cricket Ground""}",2025_finals_w1_geelong-cats_brisbane-lions_20250905T094000Z,finals_w1,2025-09-05 17:40:00+00:00
2025,finals_w1,Melbourne Cricket Ground,open-meteo,-37.819954,144.983398,Australia/Melbourne,2025-08-30 06:28:27.877350+00:00,2025-09-05T06:00:00+00:00,2025_finals_w1_geelong-cats_brisbane-lions_20250905T094000Z,6.5,1.0,1.9,0.18,1027.1,100.0,"{'elevation': 13.0, 'generationtime_ms': 0.2503395080566406}",finals_w1,2025,Melbourne Cricket Ground,melbourne cricket ground,the mcg,vn_23749d6cd7ec,2025-09-05 06:00:00+00:00,"{""provider"": ""open-meteo"", ""lat"": -37.819954, ""lon"": 144.983398, ""tz"": ""Australia/Melbourne"", ""forecast_time_utc"": ""2025-09-05T06:00:00+00:00"", ""game_key"": ""2025_finals_w1_geelong-cats_brisbane-lions_20250905T094000Z"", ""wind_speed_ms"": 1.0, ""wind_gust_ms"": 1.9, ""rain_prob"": 0.18, ""cloud_pct"": 100.0, ""raw_payload"": {""elevation"": 13.0, ""generationtime_ms"": 0.2503395080566406}, ""round_1"": ""finals_w1"", ""season_1"": 2025, ""venue_1"": ""Melbourne Cricket Ground""}",2025_finals_w1_geelong-cats_brisbane-lions_20250905T094000Z,finals_w1,2025-09-05 17:40:00+00:00
2025,finals_w1,Melbourne Cricket Ground,open-meteo,-37.819954,144.983398,Australia/Melbourne,2025-08-30 06:28:27.877350+00:00,2025-09-05T07:00:00+00:00,2025_finals_w1_geelong-cats_brisbane-lions_20250905T094000Z,6.2,1.0,1.9,0.17,1026.9,100.0,"{'elevation': 13.0, 'generationtime_ms': 0.2503395080566406}",finals_w1,2025,Melbourne Cricket Ground,melbourne cricket ground,the mcg,vn_23749d6cd7ec,2025-09-05 07:00:00+00:00,"{""provider"": ""open-meteo"", ""lat"": -37.819954, ""lon"": 144.983398, ""tz"": ""Australia/Melbourne"", ""forecast_time_utc"": ""2025-09-05T07:00:00+00:00"", ""game_key"": ""2025_finals_w1_geelong-cats_brisbane-lions_20250905T094000Z"", ""wind_speed_ms"": 1.0, ""wind_gust_ms"": 1.9, ""rain_prob"": 0.17, ""cloud_pct"": 100.0, ""raw_payload"": {""elevation"": 13.0, ""generationtime_ms"": 0.2503395080566406}, ""round_1"": ""finals_w1"", ""season_1"": 2025, ""venue_1"": ""Melbourne Cricket Ground""}",2025_finals_w1_geelong-cats_brisbane-lions_20250905T094000Z,finals_w1,2025-09-05 17:40:00+00:00
2025,finals_w1,Melbourne Cricket Ground,open-meteo,-37.819954,144.983398,Australia/Melbourne,2025-08-30 06:28:27.877350+00:00,2025-09-05T08:00:00+00:00,2025_finals_w1_geelong-cats_brisbane-lions_20250905T094000Z,6.1,1.1,2.1,0.17,1026.5,100.0,"{'elevation': 13.0, 'generationtime_ms': 0.2503395080566406}",finals_w1,2025,Melbourne Cricket Ground,melbourne cricket ground,the mcg,vn_23749d6cd7ec,2025-09-05 08:00:00+00:00,"{""provider"": ""open-meteo"", ""lat"": -37.819954, ""lon"": 144.983398, ""tz"": ""Australia/Melbourne"", ""forecast_time_utc"": ""2025-09-05T08:00:00+00:00"", ""game_key"": ""2025_finals_w1_geelong-cats_brisbane-lions_20250905T094000Z"", ""wind_speed_ms"": 1.1, ""wind_gust_ms"": 2.1, ""rain_prob"": 0.17, ""cloud_pct"": 100.0, ""raw_payload"": {""elevation"": 13.0, ""generationtime_ms"": 0.2503395080566406}, ""round_1"": ""finals_w1"", ""season_1"": 2025, ""venue_1"": ""Melbourne Cricket Ground""}",2025_finals_w1_geelong-cats_brisbane-lions_20250905T094000Z,finals_w1,2025-09-05 17:40:00+00:00
2025,finals_w1,Melbourne Cricket Ground,open-meteo,-37.819954,144.983398,Australia/Melbourne,2025-08-30 06:28:27.877350+00:00,2025-09-05T09:00:00+00:00,2025_finals_w1_geelong-cats_brisbane-lions_20250905T094000Z,6.3,1.12,2.4,0.16,1026.1,100.0,"{'elevation': 13.0, 'generationtime_ms': 0.2503395080566406}",finals_w1,2025,Melbourne Cricket Ground,melbourne cricket ground,the mcg,vn_23749d6cd7ec,2025-09-05 09:00:00+00:00,"{""provider"": ""open-meteo"", ""lat"": -37.819954, ""lon"": 144.983398, ""tz"": ""Australia/Melbourne"", ""forecast_time_utc"": ""2025-09-05T09:00:00+00:00"", ""game_key"": ""2025_finals_w1_geelong-cats_brisbane-lions_20250905T094000Z"", ""wind_speed_ms"": 1.12, ""wind_gust_ms"": 2.4, ""rain_prob"": 0.16, ""cloud_pct"": 100.0, ""raw_payload"": {""elevation"": 13.0, ""generationtime_ms"": 0.2503395080566406}, ""round_1"": ""finals_w1"", ""season_1"": 2025, ""venue_1"": ""Melbourne Cricket Ground""}",2025_finals_w1_geelong-cats_brisbane-lions_20250905T094000Z,finals_w1,2025-09-05 17:40:00+00:00
2025,finals_w1,Melbourne Cricket Ground,open-meteo,-37.819954,144.983398,Australia/Melbourne,2025-08-30 06:28:27.877350+00:00,2025-09-05T10:00:00+00:00,2025_finals_w1_geelong-cats_brisbane-lions_20250905T094000Z,6.6,1.36,2.6,0.15,1025.8,100.0,"{'elevation': 13.0, 'generationtime_ms': 0.2503395080566406}",finals_w1,2025,Melbourne Cricket Ground,melbourne cricket ground,the mcg,vn_23749d6cd7ec,2025-09-05 10:00:00+00:00,"{""provider"": ""open-meteo"", ""lat"": -37.819954, ""lon"": 144.983398, ""tz"": ""Australia/Melbourne"", ""forecast_time_utc"": ""2025-09-05T10:00:00+00:00"", ""game_key"": ""2025_finals_w1_geelong-cats_brisbane-lions_20250905T094000Z"", ""wind_speed_ms"": 1.36, ""wind_gust_ms"": 2.6, ""rain_prob"": 0.15, ""cloud_pct"": 100.0, ""raw_payload"": {""elevation"": 13.0, ""generationtime_ms"": 0.2503395080566406}, ""round_1"": ""finals_w1"", ""season_1"": 2025, ""venue_1"": ""Melbourne Cricket Ground""}",2025_finals_w1_geelong-cats_brisbane-lions_20250905T094000Z,finals_w1,2025-09-05 17:40:00+00:00
2025,finals_w1,Melbourne Cricket Ground,open-meteo,-37.819954,144.983398,Australia/Melbourne,2025-08-30 06:28:27.877350+00:00,2025-09-05T11:00:00+00:00,2025_finals_w1_geelong-cats_brisbane-lions_20250905T094000Z,6.8,1.66,3.5,0.14,1025.7,94.0,"{'elevation': 13.0, 'generationtime_ms': 0.2503395080566406}",finals_w1,2025,Melbourne Cricket Ground,melbourne cricket ground,the mcg,vn_23749d6cd7ec,2025-09-05 11:00:00+00:00,"{""provider"": ""open-meteo"", ""lat"": -37.819954, ""lon"": 144.983398, ""tz"": ""Australia/Melbourne"", ""forecast_time_utc"": ""2025-09-05T11:00:00+00:00"", ""game_key"": ""2025_finals_w1_geelong-cats_brisbane-lions_20250905T094000Z"", ""wind_speed_ms"": 1.66, ""wind_gust_ms"": 3.5, ""rain_prob"": 0.14, ""cloud_pct"": 94.0, ""raw_payload"": {""elevation"": 13.0, ""generationtime_ms"": 0.2503395080566406}, ""round_1"": ""finals_w1"", ""season_1"": 2025, ""venue_1"": ""Melbourne Cricket Ground""}",2025_finals_w1_geelong-cats_brisbane-lions_20250905T094000Z,finals_w1,2025-09-05 17:40:00+00:00
2025,finals_w1,Melbourne Cricket Ground,open-meteo,-37.819954,144.983398,Australia/Melbourne,2025-08-30 06:28:27.877350+00:00,2025-09-05T12:00:00+00:00,2025_finals_w1_geelong-cats_brisbane-lions_20250905T094000Z,7.1,2.02,4.5,0.13,1025.7,88.0,"{'elevation': 13.0, 'generationtime_ms': 0.2503395080566406}",finals_w1,2025,Melbourne Cricket Ground,melbourne cricket ground,the mcg,vn_23749d6cd7ec,2025-09-05 12:00:00+00:00,"{""provider"": ""open-meteo"", ""lat"": -37.819954, ""lon"": 144.983398, ""tz"": ""Australia/Melbourne"", ""forecast_time_utc"": ""2025-09-05T12:00:00+00:00"", ""game_key"": ""2025_finals_w1_geelong-cats_brisbane-lions_20250905T094000Z"", ""wind_speed_ms"": 2.02, ""wind_gust_ms"": 4.5, ""rain_prob"": 0.13, ""cloud_pct"": 88.0, ""raw_payload"": {""elevation"": 13.0, ""generationtime_ms"": 0.2503395080566406}, ""round_1"": ""finals_w1"", ""season_1"": 2025, ""venue_1"": ""Melbourne Cricket Ground""}",2025_finals_w1_geelong-cats_brisbane-lions_20250905T094000Z,finals_w1,2025-09-05 17:40:00+00:00
2025,finals_w1,Melbourne Cricket Ground,open-meteo,-37.819954,144.983398,Australia/Melbourne,2025-08-30 06:28:27.877350+00:00,2025-09-05T13:00:00+00:00,2025_finals_w1_geelong-cats_brisbane-lions_20250905T094000Z,7.7,2.56,5.4,0.12,1025.8,82.0,"{'elevation': 13.0, 'generationtime_ms': 0.2503395080566406}",finals_w1,2025,Melbourne Cricket Ground,melbourne cricket ground,the mcg,vn_23749d6cd7ec,2025-09-05 13:00:00+00:00,"{""provider"": ""open-meteo"", ""lat"": -37.819954, ""lon"": 144.983398, ""tz"": ""Australia/Melbourne"", ""forecast_time_utc"": ""2025-09-05T13:00:00+00:00"", ""game_key"": ""2025_finals_w1_geelong-cats_brisbane-lions_20250905T094000Z"", ""wind_speed_ms"": 2.56, ""wind_gust_ms"": 5.4, ""rain_prob"": 0.12, ""cloud_pct"": 82.0, ""raw_payload"": {""elevation"": 13.0, ""generationtime_ms"": 0.2503395080566406}, ""round_1"": ""finals_w1"", ""season_1"": 2025, ""venue_1"": ""Melbourne Cricket Ground""}",2025_finals_w1_geelong-cats_brisbane-lions_20250905T094000Z,finals_w1,2025-09-05 17:40:00+00:00
2025,finals_w1,Melbourne Cricket Ground,open-meteo,-37.819954,144.983398,Australia/Melbourne,2025-08-30 06:28:27.877350+00:00,2025-09-05T14:00:00+00:00,2025_finals_w1_geelong-cats_brisbane-lions_20250905T094000Z,8.8,3.45,7.6,0.12,1025.9,83.0,"{'elevation': 13.0, 'generationtime_ms': 0.2503395080566406}",finals_w1,2025,Melbourne Cricket Ground,melbourne cricket ground,the mcg,vn_23749d6cd7ec,2025-09-05 14:00:00+00:00,"{""provider"": ""open-meteo"", ""lat"": -37.819954, ""lon"": 144.983398, ""tz"": ""Australia/Melbourne"", ""forecast_time_utc"": ""2025-09-05T14:00:00+00:00"", ""game_key"": ""2025_finals_w1_geelong-cats_brisbane-lions_20250905T094000Z"", ""wind_speed_ms"": 3.45, ""wind_gust_ms"": 7.6, ""rain_prob"": 0.12, ""cloud_pct"": 83.0, ""raw_payload"": {""elevation"": 13.0, ""generationtime_ms"": 0.2503395080566406}, ""round_1"": ""finals_w1"", ""season_1"": 2025, ""venue_1"": ""Melbourne Cricket Ground""}",2025_finals_w1_geelong-cats_brisbane-lions_20250905T094000Z,finals_w1,2025-09-05 17:40:00+00:00
2025,finals_w1,Melbourne Cricket Ground,open-meteo,-37.819954,144.983398,Australia/Melbourne,2025-08-30 06:28:27.877350+00:00,2025-09-05T15:00:00+00:00,2025_finals_w1_geelong-cats_brisbane-lions_20250905T094000Z,10.3,4.63,9.9,0.11,1026.1,84.0,"{'elevation': 13.0, 'generationtime_ms': 0.2503395080566406}",finals_w1,2025,Melbourne Cricket Ground,melbourne cricket ground,the mcg,vn_23749d6cd7ec,2025-09-05 15:00:00+00:00,"{""provider"": ""open-meteo"", ""lat"": -37.819954, ""lon"": 144.983398, ""tz"": ""Australia/Melbourne"", ""forecast_time_utc"": ""2025-09-05T15:00:00+00:00"", ""game_key"": ""2025_finals_w1_geelong-cats_brisbane-lions_20250905T094000Z"", ""wind_speed_ms"": 4.63, ""wind_gust_ms"": 9.9, ""rain_prob"": 0.11, ""cloud_pct"": 84.0, ""raw_payload"": {""elevation"": 13.0, ""generationtime_ms"": 0.2503395080566406}, ""round_1"": ""finals_w1"", ""season_1"": 2025, ""venue_1"": ""Melbourne Cricket Ground""}",2025_finals_w1_geelong-cats_brisbane-lions_20250905T094000Z,finals_w1,2025-09-05 17:40:00+00:00
2025,finals_w1,Optus Stadium,open-meteo,-31.95111,115.88917,Australia/Perth,2025-08-30 06:28:27.877350+00:00,2025-09-06T03:00:00+00:00,2025_finals_w1_fremantle-dockers_gold-coast-suns_20250906T093500Z,14.7,5.35,10.5,0.7,1001.4,100.0,"{'elevation': 9.0, 'generationtime_ms': 0.1533031463623047}",finals_w1,2025,Optus Stadium,optus stadium,optus stadium,vn_8c5a7154a509,2025-09-06 03:00:00+00:00,"{""provider"": ""open-meteo"", ""lat"": -31.95111, ""lon"": 115.88917, ""tz"": ""Australia/Perth"", ""forecast_time_utc"": ""2025-09-06T03:00:00+00:00"", ""game_key"": ""2025_finals_w1_fremantle-dockers_gold-coast-suns_20250906T093500Z"", ""wind_speed_ms"": 5.35, ""wind_gust_ms"": 10.5, ""rain_prob"": 0.7, ""cloud_pct"": 100.0, ""raw_payload"": {""elevation"": 9.0, ""generationtime_ms"": 0.1533031463623047}, ""round_1"": ""finals_w1"", ""season_1"": 2025, ""venue_1"": ""Optus Stadium""}",2025_finals_w1_fremantle-dockers_gold-coast-suns_20250906T093500Z,finals_w1,2025-09-06 17:35:00+00:00
2025,finals_w1,Optus Stadium,open-meteo,-31.95111,115.88917,Australia/Perth,2025-08-30 06:28:27.877350+00:00,2025-09-06T04:00:00+00:00,2025_finals_w1_fremantle-dockers_gold-coast-suns_20250906T093500Z,14.7,5.22,10.0,0.7,1001.6,100.0,"{'elevation': 9.0, 'generationtime_ms': 0.1533031463623047}",finals_w1,2025,Optus Stadium,optus stadium,optus stadium,vn_8c5a7154a509,2025-09-06 04:00:00+00:00,"{""provider"": ""open-meteo"", ""lat"": -31.95111, ""lon"": 115.88917, ""tz"": ""Australia/Perth"", ""forecast_time_utc"": ""2025-09-06T04:00:00+00:00"", ""game_key"": ""2025_finals_w1_fremantle-dockers_gold-coast-suns_20250906T093500Z"", ""wind_speed_ms"": 5.22, ""wind_gust_ms"": 10.0, ""rain_prob"": 0.7, ""cloud_pct"": 100.0, ""raw_payload"": {""elevation"": 9.0, ""generationtime_ms"": 0.1533031463623047}, ""round_1"": ""finals_w1"", ""season_1"": 2025, ""venue_1"": ""Optus Stadium""}",2025_finals_w1_fremantle-dockers_gold-coast-suns_20250906T093500Z,finals_w1,2025-09-06 17:35:00+00:00
2025,finals_w1,Optus Stadium,open-meteo,-31.95111,115.88917,Australia/Perth,2025-08-30 06:28:27.877350+00:00,2025-09-06T05:00:00+00:00,2025_finals_w1_fremantle-dockers_gold-coast-suns_20250906T093500Z,12.7,1.92,2.7,0.26,1021.0,100.0,"{'elevation': 9.0, 'generationtime_ms': 0.1533031463623047}",finals_w1,2025,Optus Stadium,optus stadium,optus stadium,vn_8c5a7154a509,2025-09-06 05:00:00+00:00,"{""provider"": ""open-meteo"", ""lat"": -31.95111, ""lon"": 115.88917, ""tz"": ""Australia/Perth"", ""forecast_time_utc"": ""2025-09-06T05:00:00+00:00"", ""game_key"": ""2025_finals_w1_fremantle-dockers_gold-coast-suns_20250906T093500Z"", ""wind_speed_ms"": 1.92, ""wind_gust_ms"": 2.7, ""rain_prob"": 0.26, ""cloud_pct"": 100.0, ""raw_payload"": {""elevation"": 9.0, ""generationtime_ms"": 0.1533031463623047}, ""round_1"": ""finals_w1"", ""season_1"": 2025, ""venue_1"": ""Optus Stadium""}",2025_finals_w1_fremantle-dockers_gold-coast-suns_20250906T093500Z,finals_w1,2025-09-06 17:35:00+00:00
2025,finals_w1,Optus Stadium,open-meteo,-31.95111,115.88917,Australia/Perth,2025-08-30 06:28:27.877350+00:00,2025-09-06T06:00:00+00:00,2025_finals_w1_fremantle-dockers_gold-coast-suns_20250906T093500Z,12.6,1.52,1.7,0.25,1021.2,100.0,"{'elevation': 9.0, 'generationtime_ms': 0.1533031463623047}",finals_w1,2025,Optus Stadium,optus stadium,optus stadium,vn_8c5a7154a509,2025-09-06 06:00:00+00:00,"{""provider"": ""open-meteo"", ""lat"": -31.95111, ""lon"": 115.88917, ""tz"": ""Australia/Perth"", ""forecast_time_utc"": ""2025-09-06T06:00:00+00:00"", ""game_key"": ""2025_finals_w1_fremantle-dockers_gold-coast-suns_20250906T093500Z"", ""wind_speed_ms"": 1.52, ""wind_gust_ms"": 1.7, ""rain_prob"": 0.25, ""cloud_pct"": 100.0, ""raw_payload"": {""elevation"": 9.0, ""generationtime_ms"": 0.1533031463623047}, ""round_1"": ""finals_w1"", ""season_1"": 2025, ""venue_1"": ""Optus Stadium""}",2025_finals_w1_fremantle-dockers_gold-coast-suns_20250906T093500Z,finals_w1,2025-09-06 17:35:00+00:00
2025,finals_w1,Optus Stadium,open-meteo,-31.95111,115.88917,Australia/Perth,2025-08-30 06:28:27.877350+00:00,2025-09-06T07:00:00+00:00,2025_finals_w1_fremantle-dockers_gold-coast-suns_20250906T093500Z,12.4,1.26,1.1,0.23,1021.3,100.0,"{'elevation': 9.0, 'generationtime_ms': 0.1533031463623047}",finals_w1,2025,Optus Stadium,optus stadium,optus stadium,vn_8c5a7154a509,2025-09-06 07:00:00+00:00,"{""provider"": ""open-meteo"", ""lat"": -31.95111, ""lon"": 115.88917, ""tz"": ""Australia/Perth"", ""forecast_time_utc"": ""2025-09-06T07:00:00+00:00"", ""game_key"": ""2025_finals_w1_fremantle-dockers_gold-coast-suns_20250906T093500Z"", ""wind_speed_ms"": 1.26, ""wind_gust_ms"": 1.1, ""rain_prob"": 0.23, ""cloud_pct"": 100.0, ""raw_payload"": {""elevation"": 9.0, ""generationtime_ms"": 0.1533031463623047}, ""round_1"": ""finals_w1"", ""season_1"": 2025, ""venue_1"": ""Optus Stadium""}",2025_finals_w1_fremantle-dockers_gold-coast-suns_20250906T093500Z,finals_w1,2025-09-06 17:35:00+00:00
2025,finals_w1,Optus Stadium,open-meteo,-31.95111,115.88917,Australia/Perth,2025-08-30 06:28:27.877350+00:00,2025-09-06T08:00:00+00:00,2025_finals_w1_fremantle-dockers_gold-coast-suns_20250906T093500Z,11.9,1.25,1.1,0.21,1021.2,87.0,"{'elevation': 9.0, 'generationtime_ms': 0.1533031463623047}",finals_w1,2025,Optus Stadium,optus stadium,optus stadium,vn_8c5a7154a509,2025-09-06 08:00:00+00:00,"{""provider"": ""open-meteo"", ""lat"": -31.95111, ""lon"": 115.88917, ""tz"": ""Australia/Perth"", ""forecast_time_utc"": ""2025-09-06T08:00:00+00:00"", ""game_key"": ""2025_finals_w1_fremantle-dockers_gold-coast-suns_20250906T093500Z"", ""wind_speed_ms"": 1.25, ""wind_gust_ms"": 1.1, ""rain_prob"": 0.21, ""cloud_pct"": 87.0, ""raw_payload"": {""elevation"": 9.0, ""generationtime_ms"": 0.1533031463623047}, ""round_1"": ""finals_w1"", ""season_1"": 2025, ""venue_1"": ""Optus Stadium""}",2025_finals_w1_fremantle-dockers_gold-coast-suns_20250906T093500Z,finals_w1,2025-09-06 17:35:00+00:00
2025,finals_w1,Optus Stadium,open-meteo,-31.95111,115.88917,Australia/Perth,2025-08-30 06:28:27.877350+00:00,2025-09-06T09:00:00+00:00,2025_finals_w1_fremantle-dockers_gold-coast-suns_20250906T093500Z,11.3,1.28,1.4,0.19,1021.0,74.0,"{'elevation': 9.0, 'generationtime_ms': 0.1533031463623047}",finals_w1,2025,Optus Stadium,optus stadium,optus stadium,vn_8c5a7154a509,2025-09-06 09:00:00+00:00,"{""provider"": ""open-meteo"", ""lat"": -31.95111, ""lon"": 115.88917, ""tz"": ""Australia/Perth"", ""forecast_time_utc"": ""2025-09-06T09:00:00+00:00"", ""game_key"": ""2025_finals_w1_fremantle-dockers_gold-coast-suns_20250906T093500Z"", ""wind_speed_ms"": 1.28, ""wind_gust_ms"": 1.4, ""rain_prob"": 0.19, ""cloud_pct"": 74.0, ""raw_payload"": {""elevation"": 9.0, ""generationtime_ms"": 0.1533031463623047}, ""round_1"": ""finals_w1"", ""season_1"": 2025, ""venue_1"": ""Optus Stadium""}",2025_finals_w1_fremantle-dockers_gold-coast-suns_20250906T093500Z,finals_w1,2025-09-06 17:35:00+00:00
2025,finals_w1,Optus Stadium,open-meteo,-31.95111,115.88917,Australia/Perth,2025-08-30 06:28:27.877350+00:00,2025-09-06T10:00:00+00:00,2025_finals_w1_fremantle-dockers_gold-coast-suns_20250906T093500Z,10.7,1.42,1.7,0.16,1020.9,61.0,"{'elevation': 9.0, 'generationtime_ms': 0.1533031463623047}",finals_w1,2025,Optus Stadium,optus stadium,optus stadium,vn_8c5a7154a509,2025-09-06 10:00:00+00:00,"{""provider"": ""open-meteo"", ""lat"": -31.95111, ""lon"": 115.88917, ""tz"": ""Australia/Perth"", ""forecast_time_utc"": ""2025-09-06T10:00:00+00:00"", ""game_key"": ""2025_finals_w1_fremantle-dockers_gold-coast-suns_20250906T093500Z"", ""wind_speed_ms"": 1.42, ""wind_gust_ms"": 1.7, ""rain_prob"": 0.16, ""cloud_pct"": 61.0, ""raw_payload"": {""elevation"": 9.0, ""generationtime_ms"": 0.1533031463623047}, ""round_1"": ""finals_w1"", ""season_1"": 2025, ""venue_1"": ""Optus Stadium""}",2025_finals_w1_fremantle-dockers_gold-coast-suns_20250906T093500Z,finals_w1,2025-09-06 17:35:00+00:00
2025,finals_w1,Optus Stadium,open-meteo,-31.95111,115.88917,Australia/Perth,2025-08-30 06:28:27.877350+00:00,2025-09-06T11:00:00+00:00,2025_finals_w1_fremantle-dockers_gold-coast-suns_20250906T093500Z,10.1,1.43,1.9,0.12,1020.8,43.0,"{'elevation': 9.0, 'generationtime_ms': 0.1533031463623047}",finals_w1,2025,Optus Stadium,optus stadium,optus stadium,vn_8c5a7154a509,2025-09-06 11:00:00+00:00,"{""provider"": ""open-meteo"", ""lat"": -31.95111, ""lon"": 115.88917, ""tz"": ""Australia/Perth"", ""forecast_time_utc"": ""2025-09-06T11:00:00+00:00"", ""game_key"": ""2025_finals_w1_fremantle-dockers_gold-coast-suns_20250906T093500Z"", ""wind_speed_ms"": 1.43, ""wind_gust_ms"": 1.9, ""rain_prob"": 0.12, ""cloud_pct"": 43.0, ""raw_payload"": {""elevation"": 9.0, ""generationtime_ms"": 0.1533031463623047}, ""round_1"": ""finals_w1"", ""season_1"": 2025, ""venue_1"": ""Optus Stadium""}",2025_finals_w1_fremantle-dockers_gold-coast-suns_20250906T093500Z,finals_w1,2025-09-06 17:35:00+00:00
2025,finals_w1,Optus Stadium,open-meteo,-31.95111,115.88917,Australia/Perth,2025-08-30 06:28:27.877350+00:00,2025-09-06T12:00:00+00:00,2025_finals_w1_fremantle-dockers_gold-coast-suns_20250906T093500Z,9.6,1.61,2.1,0.08,1020.8,24.0,"{'elevation': 9.0, 'generationtime_ms': 0.1533031463623047}",finals_w1,2025,Optus Stadium,optus stadium,optus stadium,vn_8c5a7154a509,2025-09-06 12:00:00+00:00,"{""provider"": ""open-meteo"", ""lat"": -31.95111, ""lon"": 115.88917, ""tz"": ""Australia/Perth"", ""forecast_time_utc"": ""2025-09-06T12:00:00+00:00"", ""game_key"": ""2025_finals_w1_fremantle-dockers_gold-coast-suns_20250906T093500Z"", ""wind_speed_ms"": 1.61, ""wind_gust_ms"": 2.1, ""rain_prob"": 0.08, ""cloud_pct"": 24.0, ""raw_payload"": {""elevation"": 9.0, ""generationtime_ms"": 0.1533031463623047}, ""round_1"": ""finals_w1"", ""season_1"": 2025, ""venue_1"": ""Optus Stadium""}",2025_finals_w1_fremantle-dockers_gold-coast-suns_20250906T093500Z,finals_w1,2025-09-06 17:35:00+00:00
2025,finals_w1,Optus Stadium,open-meteo,-31.95111,115.88917,Australia/Perth,2025-08-30 06:28:27.877350+00:00,2025-09-06T13:00:00+00:00,2025_finals_w1_fremantle-dockers_gold-coast-suns_20250906T093500Z,9.5,1.7,2.2,0.06,1020.9,6.0,"{'elevation': 9.0, 'generationtime_ms': 0.1533031463623047}",finals_w1,2025,Optus Stadium,optus stadium,optus stadium,vn_8c5a7154a509,2025-09-06 13:00:00+00:00,"{""provider"": ""open-meteo"", ""lat"": -31.95111, ""lon"": 115.88917, ""tz"": ""Australia/Perth"", ""forecast_time_utc"": ""2025-09-06T13:00:00+00:00"", ""game_key"": ""2025_finals_w1_fremantle-dockers_gold-coast-suns_20250906T093500Z"", ""wind_speed_ms"": 1.7, ""wind_gust_ms"": 2.2, ""rain_prob"": 0.06, ""cloud_pct"": 6.0, ""raw_payload"": {""elevation"": 9.0, ""generationtime_ms"": 0.1533031463623047}, ""round_1"": ""finals_w1"", ""season_1"": 2025, ""venue_1"": ""Optus Stadium""}",2025_finals_w1_fremantle-dockers_gold-coast-suns_20250906T093500Z,finals_w1,2025-09-06 17:35:00+00:00
2025,finals_w1,Optus Stadium,open-meteo,-31.95111,115.88917,Australia/Perth,2025-08-30 06:28:27.877350+00:00,2025-09-06T14:00:00+00:00,2025_finals_w1_fremantle-dockers_gold-coast-suns_20250906T093500Z,9.7,1.75,2.0,0.06,1021.3,6.0,"{'elevation': 9.0, 'generationtime_ms': 0.1533031463623047}",finals_w1,2025,Optus Stadium,optus stadium,optus stadium,vn_8c5a7154a509,2025-09-06 14:00:00+00:00,"{""provider"": ""open-meteo"", ""lat"": -31.95111, ""lon"": 115.88917, ""tz"": ""Australia/Perth"", ""forecast_time_utc"": ""2025-09-06T14:00:00+00:00"", ""game_key"": ""2025_finals_w1_fremantle-dockers_gold-coast-suns_20250906T093500Z"", ""wind_speed_ms"": 1.75, ""wind_gust_ms"": 2.0, ""rain_prob"": 0.06, ""cloud_pct"": 6.0, ""raw_payload"": {""elevation"": 9.0, ""generationtime_ms"": 0.1533031463623047}, ""round_1"": ""finals_w1"", ""season_1"": 2025, ""venue_1"": ""Optus Stadium""}",2025_finals_w1_fremantle-dockers_gold-coast-suns_20250906T093500Z,finals_w1,2025-09-06 17:35:00+00:00
2025,finals_w1,Optus Stadium,open-meteo,-31.95111,115.88917,Australia/Perth,2025-08-30 06:28:27.877350+00:00,2025-09-06T15:00:00+00:00,2025_finals_w1_fremantle-dockers_gold-coast-suns_20250906T093500Z,10.1,1.75,1.7,0.07,1022.0,7.0,"{'elevation': 9.0, 'generationtime_ms': 0.1533031463623047}",finals_w1,2025,Optus Stadium,optus stadium,optus stadium,vn_8c5a7154a509,2025-09-06 15:00:00+00:00,"{""provider"": ""open-meteo"", ""lat"": -31.95111, ""lon"": 115.88917, ""tz"": ""Australia/Perth"", ""forecast_time_utc"": ""2025-09-06T15:00:00+00:00"", ""game_key"": ""2025_finals_w1_fremantle-dockers_gold-coast-suns_20250906T093500Z"", ""wind_speed_ms"": 1.75, ""wind_gust_ms"": 1.7, ""rain_prob"": 0.07, ""cloud_pct"": 7.0, ""raw_payload"": {""elevation"": 9.0, ""generationtime_ms"": 0.1533031463623047}, ""round_1"": ""finals_w1"", ""season_1"": 2025, ""venue_1"": ""Optus Stadium""}",2025_finals_w1_fremantle-dockers_gold-coast-suns_20250906T093500Z,finals_w1,2025-09-06 17:35:00+00:00
2025,finals_w1,Sydney Showground Stadium,open-meteo,-33.84306,151.06778,Australia/Sydney,2025-08-30 06:28:27.877350+00:00,2025-09-05T23:00:00+00:00,2025_finals_w1_gws-giants_hawthorn-hawks_20250906T051500Z,18.0,3.31,7.6,0.15,1026.3,50.0,"{'elevation': 15.0, 'generationtime_ms': 0.20492076873779297}",finals_w1,2025,Sydney Showground Stadium,sydney showground stadium,engie stadium,vn_ee1cb541f6bc,2025-09-05 23:00:00+00:00,"{""provider"": ""open-meteo"", ""lat"": -33.84306, ""lon"": 151.06778, ""tz"": ""Australia/Sydney"", ""forecast_time_utc"": ""2025-09-05T23:00:00+00:00"", ""game_key"": ""2025_finals_w1_gws-giants_hawthorn-hawks_20250906T051500Z"", ""wind_speed_ms"": 3.31, ""wind_gust_ms"": 7.6, ""rain_prob"": 0.15, ""cloud_pct"": 50.0, ""raw_payload"": {""elevation"": 15.0, ""generationtime_ms"": 0.20492076873779297}, ""round_1"": ""finals_w1"", ""season_1"": 2025, ""venue_1"": ""Sydney Showground Stadium""}",2025_finals_w1_gws-giants_hawthorn-hawks_20250906T051500Z,finals_w1,2025-09-06 13:15:00+00:00
2025,finals_w1,Sydney Showground Stadium,open-meteo,-33.84306,151.06778,Australia/Sydney,2025-08-30 06:28:27.877350+00:00,2025-09-06T00:00:00+00:00,2025_finals_w1_gws-giants_hawthorn-hawks_20250906T051500Z,16.6,2.61,7.0,0.15,1026.9,49.0,"{'elevation': 15.0, 'generationtime_ms': 0.20492076873779297}",finals_w1,2025,Sydney Showground Stadium,sydney showground stadium,engie stadium,vn_ee1cb541f6bc,2025-09-06 00:00:00+00:00,"{""provider"": ""open-meteo"", ""lat"": -33.84306, ""lon"": 151.06778, ""tz"": ""Australia/Sydney"", ""forecast_time_utc"": ""2025-09-06T00:00:00+00:00"", ""game_key"": ""2025_finals_w1_gws-giants_hawthorn-hawks_20250906T051500Z"", ""wind_speed_ms"": 2.61, ""wind_gust_ms"": 7.0, ""rain_prob"": 0.15, ""cloud_pct"": 49.0, ""raw_payload"": {""elevation"": 15.0, ""generationtime_ms"": 0.20492076873779297}, ""round_1"": ""finals_w1"", ""season_1"": 2025, ""venue_1"": ""Sydney Showground Stadium""}",2025_finals_w1_gws-giants_hawthorn-hawks_20250906T051500Z,finals_w1,2025-09-06 13:15:00+00:00
2025,finals_w1,Sydney Showground Stadium,open-meteo,-33.84306,151.06778,Australia/Sydney,2025-08-30 06:28:27.877350+00:00,2025-09-06T01:00:00+00:00,2025_finals_w1_gws-giants_hawthorn-hawks_20250906T051500Z,15.4,1.78,6.3,0.15,1027.4,49.0,"{'elevation': 15.0, 'generationtime_ms': 0.20492076873779297}",finals_w1,2025,Sydney Showground Stadium,sydney showground stadium,engie stadium,vn_ee1cb541f6bc,2025-09-06 01:00:00+00:00,"{""provider"": ""open-meteo"", ""lat"": -33.84306, ""lon"": 151.06778, ""tz"": ""Australia/Sydney"", ""forecast_time_utc"": ""2025-09-06T01:00:00+00:00"", ""game_key"": ""2025_finals_w1_gws-giants_hawthorn-hawks_20250906T051500Z"", ""wind_speed_ms"": 1.78, ""wind_gust_ms"": 6.3, ""rain_prob"": 0.15, ""cloud_pct"": 49.0, ""raw_payload"": {""elevation"": 15.0, ""generationtime_ms"": 0.20492076873779297}, ""round_1"": ""finals_w1"", ""season_1"": 2025, ""venue_1"": ""Sydney Showground Stadium""}",2025_finals_w1_gws-giants_hawthorn-hawks_20250906T051500Z,finals_w1,2025-09-06 13:15:00+00:00
2025,finals_w1,Sydney Showground Stadium,open-meteo,-33.84306,151.06778,Australia/Sydney,2025-08-30 06:28:27.877350+00:00,2025-09-06T02:00:00+00:00,2025_finals_w1_gws-giants_hawthorn-hawks_20250906T051500Z,14.7,0.99,4.4,0.15,1027.6,40.0,"{'elevation': 15.0, 'generationtime_ms': 0.20492076873779297}",finals_w1,2025,Sydney Showground Stadium,sydney showground stadium,engie stadium,vn_ee1cb541f6bc,2025-09-06 02:00:00+00:00,"{""provider"": ""open-meteo"", ""lat"": -33.84306, ""lon"": 151.06778, ""tz"": ""Australia/Sydney"", ""forecast_time_utc"": ""2025-09-06T02:00:00+00:00"", ""game_key"": ""2025_finals_w1_gws-giants_hawthorn-hawks_20250906T051500Z"", ""wind_speed_ms"": 0.99, ""wind_gust_ms"": 4.4, ""rain_prob"": 0.15, ""cloud_pct"": 40.0, ""raw_payload"": {""elevation"": 15.0, ""generationtime_ms"": 0.20492076873779297}, ""round_1"": ""finals_w1"", ""season_1"": 2025, ""venue_1"": ""Sydney Showground Stadium""}",2025_finals_w1_gws-giants_hawthorn-hawks_20250906T051500Z,finals_w1,2025-09-06 13:15:00+00:00
2025,finals_w1,Sydney Showground Stadium,open-meteo,-33.84306,151.06778,Australia/Sydney,2025-08-30 06:28:27.877350+00:00,2025-09-06T03:00:00+00:00,2025_finals_w1_gws-giants_hawthorn-hawks_20250906T051500Z,14.2,0.22,2.6,0.15,1027.7,32.0,"{'elevation': 15.0, 'generationtime_ms': 0.20492076873779297}",finals_w1,2025,Sydney Showground Stadium,sydney showground stadium,engie stadium,vn_ee1cb541f6bc,2025-09-06 03:00:00+00:00,"{""provider"": ""open-meteo"", ""lat"": -33.84306, ""lon"": 151.06778, ""tz"": ""Australia/Sydney"", ""forecast_time_utc"": ""2025-09-06T03:00:00+00:00"", ""game_key"": ""2025_finals_w1_gws-giants_hawthorn-hawks_20250906T051500Z"", ""wind_speed_ms"": 0.22, ""wind_gust_ms"": 2.6, ""rain_prob"": 0.15, ""cloud_pct"": 32.0, ""raw_payload"": {""elevation"": 15.0, ""generationtime_ms"": 0.20492076873779297}, ""round_1"": ""finals_w1"", ""season_1"": 2025, ""venue_1"": ""Sydney Showground Stadium""}",2025_finals_w1_gws-giants_hawthorn-hawks_20250906T051500Z,finals_w1,2025-09-06 13:15:00+00:00
2025,finals_w1,Sydney Showground Stadium,open-meteo,-33.84306,151.06778,Australia/Sydney,2025-08-30 06:28:27.877350+00:00,2025-09-06T04:00:00+00:00,2025_finals_w1_gws-giants_hawthorn-hawks_20250906T051500Z,13.8,0.61,0.7,0.15,1027.7,23.0,"{'elevation': 15.0, 'generationtime_ms': 0.20492076873779297}",finals_w1,2025,Sydney Showground Stadium,sydney showground stadium,engie stadium,vn_ee1cb541f6bc,2025-09-06 04:00:00+00:00,"{""provider"": ""open-meteo"", ""lat"": -33.84306, ""lon"": 151.06778, ""tz"": ""Australia/Sydney"", ""forecast_time_utc"": ""2025-09-06T04:00:00+00:00"", ""game_key"": ""2025_finals_w1_gws-giants_hawthorn-hawks_20250906T051500Z"", ""wind_speed_ms"": 0.61, ""wind_gust_ms"": 0.7, ""rain_prob"": 0.15, ""cloud_pct"": 23.0, ""raw_payload"": {""elevation"": 15.0, ""generationtime_ms"": 0.20492076873779297}, ""round_1"": ""finals_w1"", ""season_1"": 2025, ""venue_1"": ""Sydney Showground Stadium""}",2025_finals_w1_gws-giants_hawthorn-hawks_20250906T051500Z,finals_w1,2025-09-06 13:15:00+00:00
2025,finals_w1,Sydney Showground Stadium,open-meteo,-33.84306,151.06778,Australia/Sydney,2025-08-30 06:28:27.877350+00:00,2025-09-06T05:00:00+00:00,2025_finals_w1_gws-giants_hawthorn-hawks_20250906T051500Z,17.2,2.12,6.7,0.17,1020.0,71.0,"{'elevation': 15.0, 'generationtime_ms': 0.20492076873779297}",finals_w1,2025,Sydney Showground Stadium,sydney showground stadium,engie stadium,vn_ee1cb541f6bc,2025-09-06 05:00:00+00:00,"{""provider"": ""open-meteo"", ""lat"": -33.84306, ""lon"": 151.06778, ""tz"": ""Australia/Sydney"", ""forecast_time_utc"": ""2025-09-06T05:00:00+00:00"", ""game_key"": ""2025_finals_w1_gws-giants_hawthorn-hawks_20250906T051500Z"", ""wind_speed_ms"": 2.12, ""wind_gust_ms"": 6.7, ""rain_prob"": 0.17, ""cloud_pct"": 71.0, ""raw_payload"": {""elevation"": 15.0, ""generationtime_ms"": 0.20492076873779297}, ""round_1"": ""finals_w1"", ""season_1"": 2025, ""venue_1"": ""Sydney Showground Stadium""}",2025_finals_w1_gws-giants_hawthorn-hawks_20250906T051500Z,finals_w1,2025-09-06 13:15:00+00:00
2025,finals_w1,Sydney Showground Stadium,open-meteo,-33.84306,151.06778,Australia/Sydney,2025-08-30 06:28:27.877350+00:00,2025-09-06T06:00:00+00:00,2025_finals_w1_gws-giants_hawthorn-hawks_20250906T051500Z,16.4,2.02,6.9,0.15,1019.7,43.0,"{'elevation': 15.0, 'generationtime_ms': 0.20492076873779297}",finals_w1,2025,Sydney Showground Stadium,sydney showground stadium,engie stadium,vn_ee1cb541f6bc,2025-09-06 06:00:00+00:00,"{""provider"": ""open-meteo"", ""lat"": -33.84306, ""lon"": 151.06778, ""tz"": ""Australia/Sydney"", ""forecast_time_utc"": ""2025-09-06T06:00:00+00:00"", ""game_key"": ""2025_finals_w1_gws-giants_hawthorn-hawks_20250906T051500Z"", ""wind_speed_ms"": 2.02, ""wind_gust_ms"": 6.9, ""rain_prob"": 0.15, ""cloud_pct"": 43.0, ""raw_payload"": {""elevation"": 15.0, ""generationtime_ms"": 0.20492076873779297}, ""round_1"": ""finals_w1"", ""season_1"": 2025, ""venue_1"": ""Sydney Showground Stadium""}",2025_finals_w1_gws-giants_hawthorn-hawks_20250906T051500Z,finals_w1,2025-09-06 13:15:00+00:00
2025,finals_w1,Sydney Showground Stadium,open-meteo,-33.84306,151.06778,Australia/Sydney,2025-08-30 06:28:27.877350+00:00,2025-09-06T07:00:00+00:00,2025_finals_w1_gws-giants_hawthorn-hawks_20250906T051500Z,15.7,2.01,6.7,0.13,1019.4,16.0,"{'elevation': 15.0, 'generationtime_ms': 0.20492076873779297}",finals_w1,2025,Sydney Showground Stadium,sydney showground stadium,engie stadium,vn_ee1cb541f6bc,2025-09-06 07:00:00+00:00,"{""provider"": ""open-meteo"", ""lat"": -33.84306, ""lon"": 151.06778, ""tz"": ""Australia/Sydney"", ""forecast_time_utc"": ""2025-09-06T07:00:00+00:00"", ""game_key"": ""2025_finals_w1_gws-giants_hawthorn-hawks_20250906T051500Z"", ""wind_speed_ms"": 2.01, ""wind_gust_ms"": 6.7, ""rain_prob"": 0.13, ""cloud_pct"": 16.0, ""raw_payload"": {""elevation"": 15.0, ""generationtime_ms"": 0.20492076873779297}, ""round_1"": ""finals_w1"", ""season_1"": 2025, ""venue_1"": ""Sydney Showground Stadium""}",2025_finals_w1_gws-giants_hawthorn-hawks_20250906T051500Z,finals_w1,2025-09-06 13:15:00+00:00
2025,finals_w1,Sydney Showground Stadium,open-meteo,-33.84306,151.06778,Australia/Sydney,2025-08-30 06:28:27.877350+00:00,2025-09-06T08:00:00+00:00,2025_finals_w1_gws-giants_hawthorn-hawks_20250906T051500Z,15.4,2.06,5.7,0.12,1019.1,34.0,"{'elevation': 15.0, 'generationtime_ms': 0.20492076873779297}",finals_w1,2025,Sydney Showground Stadium,sydney showground stadium,engie stadium,vn_ee1cb541f6bc,2025-09-06 08:00:00+00:00,"{""provider"": ""open-meteo"", ""lat"": -33.84306, ""lon"": 151.06778, ""tz"": ""Australia/Sydney"", ""forecast_time_utc"": ""2025-09-06T08:00:00+00:00"", ""game_key"": ""2025_finals_w1_gws-giants_hawthorn-hawks_20250906T051500Z"", ""wind_speed_ms"": 2.06, ""wind_gust_ms"": 5.7, ""rain_prob"": 0.12, ""cloud_pct"": 34.0, ""raw_payload"": {""elevation"": 15.0, ""generationtime_ms"": 0.20492076873779297}, ""round_1"": ""finals_w1"", ""season_1"": 2025, ""venue_1"": ""Sydney Showground Stadium""}",2025_finals_w1_gws-giants_hawthorn-hawks_20250906T051500Z,finals_w1,2025-09-06 13:15:00+00:00
2025,finals_w1,Sydney Showground Stadium,open-meteo,-33.84306,151.06778,Australia/Sydney,2025-08-30 06:28:27.877350+00:00,2025-09-06T09:00:00+00:00,2025_finals_w1_gws-giants_hawthorn-hawks_20250906T051500Z,15.2,2.28,4.3,0.11,1018.9,51.0,"{'elevation': 15.0, 'generationtime_ms': 0.20492076873779297}",finals_w1,2025,Sydney Showground Stadium,sydney showground stadium,engie stadium,vn_ee1cb541f6bc,2025-09-06 09:00:00+00:00,"{""provider"": ""open-meteo"", ""lat"": -33.84306, ""lon"": 151.06778, ""tz"": ""Australia/Sydney"", ""forecast_time_utc"": ""2025-09-06T09:00:00+00:00"", ""game_key"": ""2025_finals_w1_gws-giants_hawthorn-hawks_20250906T051500Z"", ""wind_speed_ms"": 2.28, ""wind_gust_ms"": 4.3, ""rain_prob"": 0.11, ""cloud_pct"": 51.0, ""raw_payload"": {""elevation"": 15.0, ""generationtime_ms"": 0.20492076873779297}, ""round_1"": ""finals_w1"", ""season_1"": 2025, ""venue_1"": ""Sydney Showground Stadium""}",2025_finals_w1_gws-giants_hawthorn-hawks_20250906T051500Z,finals_w1,2025-09-06 13:15:00+00:00
2025,finals_w1,Sydney Showground Stadium,open-meteo,-33.84306,151.06778,Australia/Sydney,2025-08-30 06:28:27.877350+00:00,2025-09-06T10:00:00+00:00,2025_finals_w1_gws-giants_hawthorn-hawks_20250906T051500Z,15.0,2.35,3.5,0.1,1018.8,69.0,"{'elevation': 15.0, 'generationtime_ms': 0.20492076873779297}",finals_w1,2025,Sydney Showground Stadium,sydney showground stadium,engie stadium,vn_ee1cb541f6bc,2025-09-06 10:00:00+00:00,"{""provider"": ""open-meteo"", ""lat"": -33.84306, ""lon"": 151.06778, ""tz"": ""Australia/Sydney"", ""forecast_time_utc"": ""2025-09-06T10:00:00+00:00"", ""game_key"": ""2025_finals_w1_gws-giants_hawthorn-hawks_20250906T051500Z"", ""wind_speed_ms"": 2.35, ""wind_gust_ms"": 3.5, ""rain_prob"": 0.1, ""cloud_pct"": 69.0, ""raw_payload"": {""elevation"": 15.0, ""generationtime_ms"": 0.20492076873779297}, ""round_1"": ""finals_w1"", ""season_1"": 2025, ""venue_1"": ""Sydney Showground Stadium""}",2025_finals_w1_gws-giants_hawthorn-hawks_20250906T051500Z,finals_w1,2025-09-06 13:15:00+00:00
2025,finals_w1,Sydney Showground Stadium,open-meteo,-33.84306,151.06778,Australia/Sydney,2025-08-30 06:28:27.877350+00:00,2025-09-06T11:00:00+00:00,2025_finals_w1_gws-giants_hawthorn-hawks_20250906T051500Z,14.9,2.34,3.9,0.1,1019.0,79.0,"{'elevation': 15.0, 'generationtime_ms': 0.20492076873779297}",finals_w1,2025,Sydney Showground Stadium,sydney showground stadium,engie stadium,vn_ee1cb541f6bc,2025-09-06 11:00:00+00:00,"{""provider"": ""open-meteo"", ""lat"": -33.84306, ""lon"": 151.06778, ""tz"": ""Australia/Sydney"", ""forecast_time_utc"": ""2025-09-06T11:00:00+00:00"", ""game_key"": ""2025_finals_w1_gws-giants_hawthorn-hawks_20250906T051500Z"", ""wind_speed_ms"": 2.34, ""wind_gust_ms"": 3.9, ""rain_prob"": 0.1, ""cloud_pct"": 79.0, ""raw_payload"": {""elevation"": 15.0, ""generationtime_ms"": 0.20492076873779297}, ""round_1"": ""finals_w1"", ""season_1"": 2025, ""venue_1"": ""Sydney Showground Stadium""}",2025_finals_w1_gws-giants_hawthorn-hawks_20250906T051500Z,finals_w1,2025-09-06 13:15:00+00:00
