captured_at_utc,bookmaker,event_url,market_group,market_name,selection,line,decimal_odds,raw_payload,season,round,hash_key
2025-08-28T09:45:37+00:00,pointsbet,https://pointsbet.com.au/sports/aussie-rules/AFL/2403224,H2H_or_Unknown,Unparsed,Sel3,,0.95,,2025,finals_w1,a6c6fe0b672c9569f498d5073ef8f0f14a31547163843f150182930565fb2114
2025-08-28T09:47:54+00:00,sportsbet,https://www.sportsbet.com.au/betting/australian-rules/afl/fremantle-v-gold-coast-suns-9554694,H2H_or_Unknown,Unparsed,Sel2,,0.15,,2025,regular,4b1f0adcecc46b7b49b45d00fd37c09a9b03dc7fba50bf4185f45ae882009b4d
2025-08-28T09:45:43+00:00,pointsbet,https://pointsbet.com.au/sports/aussie-rules/AFL/2406663,H2H_or_Unknown,Unparsed,Sel19,,2.63,,2025,finals_w1,df60073ec29d1ea10f6c76be7b2b0332c899c21468ca0cedced38ab8ef35935c
2025-08-28T09:45:40+00:00,pointsbet,https://pointsbet.com.au/sports/aussie-rules/AFL/2406664,H2H_or_Unknown,Unparsed,Sel16,,4.55,,2025,finals_w1,9f7460a6a4b349ece6cbd8d231c2c28d482c12fa1b3a811804f713ee6e04dbc1
2025-08-28T09:45:43+00:00,pointsbet,https://pointsbet.com.au/sports/aussie-rules/AFL/2406663,H2H_or_Unknown,Unparsed,Sel5,,0.95,,2025,finals_w1,8ac49504335a1606c9d9cabf81f5a5a76f511222433553131fa7c26c2ee8de83
2025-08-28T09:45:43+00:00,pointsbet,https://pointsbet.com.au/sports/aussie-rules/AFL/2406663,H2H_or_Unknown,Unparsed,Sel1,,3.47,,2025,finals_w1,8809f9b78a9c8e8a77f0d1d2fb1c709345a6ec2aba0498c32b6620d21fd6d58e
2025-08-28T09:45:40+00:00,pointsbet,https://pointsbet.com.au/sports/aussie-rules/AFL/2406664,H2H_or_Unknown,Unparsed,Sel5,,0.95,,2025,finals_w1,a665a6779fe341d7f56b9cd0ba72f55250d56e0238bf32a341ec9845453af5cf
2025-08-28T09:45:43+00:00,pointsbet,https://pointsbet.com.au/sports/aussie-rules/AFL/2406663,H2H_or_Unknown,Unparsed,Sel7,,0.95,,2025,finals_w1,9b8258626a8853cd4e3560a89706e5d23b5cc6fc4b91b070820be632d6763041
2025-08-28T09:45:43+00:00,pointsbet,https://pointsbet.com.au/sports/aussie-rules/AFL/2406663,H2H_or_Unknown,Unparsed,Sel6,,0.95,,2025,finals_w1,fd167a50e1ccd9e35b52c23378d71bb8ed607d6e1ecca3628fa5ed21fcfe2935
2025-08-28T09:45:46+00:00,pointsbet,https://pointsbet.com.au/sports/aussie-rules/AFL/2403225,H2H_or_Unknown,Unparsed,Sel6,,0.95,,2025,finals_w1,0ddce28774775c525559ac251d16d7f9044c1a6d1677b94eb76f9fe9fd1eb78f
2025-08-28T09:45:37+00:00,pointsbet,https://pointsbet.com.au/sports/aussie-rules/AFL/2403224,H2H_or_Unknown,Unparsed,Sel16,,2.63,,2025,finals_w1,dc495aade5353c135c7326e0abd6535ba9ba97d9f62117fd0ab1037b437b5ad5
2025-08-28T09:45:43+00:00,pointsbet,https://pointsbet.com.au/sports/aussie-rules/AFL/2406663,H2H_or_Unknown,Unparsed,Sel11,,1.01,,2025,finals_w1,b0d5badbc8e5088df0df4fdd1f0920696e8f8e18f01e439e281469f7e52a74d4
2025-08-28T09:47:58+00:00,sportsbet,https://www.sportsbet.com.au/betting/australian-rules/afl/geelong-cats-v-brisbane-lions-9551769,H2H_or_Unknown,Unparsed,Sel20,,0.45,,2025,finals_w1,22c69906cb20ba4a5fb255b3801fdd77f377cbbfa62243ef529c9ebbdf81b4cb
2025-08-28T09:45:49+00:00,pointsbet,https://pointsbet.com.au/sports/aussie-rules/AFL/2403224,H2H_or_Unknown,Unparsed,Sel15,,3.21,,2025,finals_w1,3cd69df97d599a631283500851e142f076395e3772ef729b3e8a10dccec9066e
2025-08-28T09:45:37+00:00,pointsbet,https://pointsbet.com.au/sports/aussie-rules/AFL/2403224,H2H_or_Unknown,Unparsed,Sel15,,4.55,,2025,finals_w1,405b6cec24bc04b1a4039c9f4c3bf71a0a42b8b7f75d5b33d5884e2219de4074
2025-08-28T09:45:43+00:00,pointsbet,https://pointsbet.com.au/sports/aussie-rules/AFL/2406663,H2H_or_Unknown,Unparsed,Sel17,,2.63,,2025,finals_w1,9277dde2e59a4d3b79232ef2a3057a03b51fd2d62018f9400dfdf07bfdd28ac4
2025-08-28T09:45:46+00:00,pointsbet,https://pointsbet.com.au/sports/aussie-rules/AFL/2403225,H2H_or_Unknown,Unparsed,Sel2,,1.15,,2025,finals_w1,3e471f7c402381dae31b9fc849aac8d4bbb13fc7fa54b7397c10f4c76ceb62d5
2025-08-28T09:47:58+00:00,sportsbet,https://www.sportsbet.com.au/betting/australian-rules/afl/geelong-cats-v-brisbane-lions-9551769,H2H_or_Unknown,Unparsed,Sel11,,0.23,,2025,finals_w1,25beead01d2a70fc9e024e600e98c3a65c3c796d5302a551a814fb4c0fae78fc
2025-08-28T09:45:37+00:00,pointsbet,https://pointsbet.com.au/sports/aussie-rules/AFL/2403224,H2H_or_Unknown,Unparsed,Sel12,,4.77,,2025,finals_w1,770ecf7680e63b35c4819fd5d45bfcb326dd9155a95fc62ca3768b50f163b6a8
2025-08-28T09:45:40+00:00,pointsbet,https://pointsbet.com.au/sports/aussie-rules/AFL/2406664,H2H_or_Unknown,Unparsed,Sel15,,3.21,,2025,finals_w1,a603126404878508e518f9a4f3d4039e49c475dd90cbd05d5689bcabd0ea2f86
2025-08-28T09:47:54+00:00,sportsbet,https://www.sportsbet.com.au/betting/australian-rules/afl/fremantle-v-gold-coast-suns-9554694,H2H_or_Unknown,Unparsed,Sel5,,0.23,,2025,regular,4daad730dfc1454f4fd39f564a9ceb982489a01f75d85e7bc2f92430269a1c67
2025-08-28T09:45:49+00:00,pointsbet,https://pointsbet.com.au/sports/aussie-rules/AFL/2403224,H2H_or_Unknown,Unparsed,Sel19,,2.63,,2025,finals_w1,9b09b391fd8a697ace291a54270ede8b472815505dfef0135b691ccd77b5fd27
2025-08-28T09:45:46+00:00,pointsbet,https://pointsbet.com.au/sports/aussie-rules/AFL/2403225,H2H_or_Unknown,Unparsed,Sel17,,2.63,,2025,finals_w1,441f68e5843d2642bbd9cf0539a6844bb0468779382918545da0f1ddd42a795b
2025-08-28T09:47:58+00:00,sportsbet,https://www.sportsbet.com.au/betting/australian-rules/afl/geelong-cats-v-brisbane-lions-9551769,H2H_or_Unknown,Unparsed,Sel18,,0.32,,2025,finals_w1,bc4a64aca17a23f198ca81d5a959fd36742f3e78a046cbe7e8eb7ccc726f63b3
2025-08-28T09:45:49+00:00,pointsbet,https://pointsbet.com.au/sports/aussie-rules/AFL/2403224,H2H_or_Unknown,Unparsed,Sel2,,1.15,,2025,finals_w1,20ab01a23644644b0dd74a3db0714210eb51ff58ee727ce2a6be2b67581dbd66
2025-08-28T09:47:54+00:00,sportsbet,https://www.sportsbet.com.au/betting/australian-rules/afl/fremantle-v-gold-coast-suns-9554694,H2H_or_Unknown,Unparsed,Sel7,,0.23,,2025,regular,d6cde0f10e09153501e388890461679236486bd6c7b64c3d71649bc89957bd01
2025-08-28T09:47:54+00:00,sportsbet,https://www.sportsbet.com.au/betting/australian-rules/afl/fremantle-v-gold-coast-suns-9554694,H2H_or_Unknown,Unparsed,Sel3,,0.23,,2025,regular,3dba39b40846c46f8d13690b4c0844bb5772a5bb3a564627f5e6af8418e7549e
2025-08-28T09:45:43+00:00,pointsbet,https://pointsbet.com.au/sports/aussie-rules/AFL/2406663,H2H_or_Unknown,Unparsed,Sel12,,1.02,,2025,finals_w1,1890dbf4e93d919f3495af9399b90cf712a328399af4baa58c55b0cc0bcff16a
2025-08-28T09:47:58+00:00,sportsbet,https://www.sportsbet.com.au/betting/australian-rules/afl/geelong-cats-v-brisbane-lions-9551769,H2H_or_Unknown,Unparsed,Sel19,,0.25,,2025,finals_w1,8530044bba74168ab8e33e1feb7640aedcf53d45a6c0d992eaecfb47a3410a1e
2025-08-28T09:45:49+00:00,pointsbet,https://pointsbet.com.au/sports/aussie-rules/AFL/2403224,H2H_or_Unknown,Unparsed,Sel20,,1.02,,2025,finals_w1,5bc3a0f8d0ab9aa48e0e7dc313f6f6714cf446a4e01a005132f9822c652c4a90
2025-08-28T09:45:46+00:00,pointsbet,https://pointsbet.com.au/sports/aussie-rules/AFL/2403225,H2H_or_Unknown,Unparsed,Sel4,,0.95,,2025,finals_w1,89f6b0bdebfb0ffe8aa523f95c43e11e38965795f95416528f4098ed69d5c67d
2025-08-28T09:47:54+00:00,sportsbet,https://www.sportsbet.com.au/betting/australian-rules/afl/fremantle-v-gold-coast-suns-9554694,H2H_or_Unknown,Unparsed,Sel16,,0.32,,2025,regular,8b4100e59d81d18ab02500f8ce2770f8722ad0d349081e9b49d3e8e2409faa55
2025-08-28T09:45:46+00:00,pointsbet,https://pointsbet.com.au/sports/aussie-rules/AFL/2403225,H2H_or_Unknown,Unparsed,Sel19,,2.63,,2025,finals_w1,709c9092175bde0eec7f9b24759ef09b349b96633fb620dc7c388943cd8f4039
2025-08-28T09:45:40+00:00,pointsbet,https://pointsbet.com.au/sports/aussie-rules/AFL/2406664,H2H_or_Unknown,Unparsed,Sel11,,1.01,,2025,finals_w1,db62a24f735caac42295eb81b16a32af86edf9f27ec077ee41b532675ad33aff
2025-08-28T09:47:58+00:00,sportsbet,https://www.sportsbet.com.au/betting/australian-rules/afl/geelong-cats-v-brisbane-lions-9551769,H2H_or_Unknown,Unparsed,Sel5,,0.23,,2025,finals_w1,0accf22927cd07f04357698881a081336ea7ffbc617e80c9a3719cb860591a41
2025-08-28T09:45:40+00:00,pointsbet,https://pointsbet.com.au/sports/aussie-rules/AFL/2406664,H2H_or_Unknown,Unparsed,Sel7,,0.95,,2025,finals_w1,1c84528c74176938a5ab67f90dc8f1005ad06c1f8cb6cb8a62ab2bd3f308b659
2025-08-28T09:45:43+00:00,pointsbet,https://pointsbet.com.au/sports/aussie-rules/AFL/2406663,H2H_or_Unknown,Unparsed,Sel14,,1.39,,2025,finals_w1,5e723680e97871edef886dbb7706b1c5c226f8bcd4eb9f5f8bd318cd412aafa6
2025-08-28T09:47:58+00:00,sportsbet,https://www.sportsbet.com.au/betting/australian-rules/afl/geelong-cats-v-brisbane-lions-9551769,H2H_or_Unknown,Unparsed,Sel1,,0.15,,2025,finals_w1,cf944d46c60c36c0a7b8be15c680cbd6b3517f09cd6b35006debdec9beb8fdfb
2025-08-28T09:45:46+00:00,pointsbet,https://pointsbet.com.au/sports/aussie-rules/AFL/2403225,H2H_or_Unknown,Unparsed,Sel3,,4.16,,2025,finals_w1,5a8f6e9f375205d07e1312bdd9bc4c52865f59955ba8ec551357d1b6f0566101
2025-08-28T09:45:40+00:00,pointsbet,https://pointsbet.com.au/sports/aussie-rules/AFL/2406664,H2H_or_Unknown,Unparsed,Sel8,,0.95,,2025,finals_w1,9cf8cb214673a368b72adbb4c9bddeced4611b540f04c9ad06ac619aa20dba84
2025-08-28T09:45:49+00:00,pointsbet,https://pointsbet.com.au/sports/aussie-rules/AFL/2403224,H2H_or_Unknown,Unparsed,Sel13,,4.77,,2025,finals_w1,e4fed5a03799579a6b0b2a61ff176fe3a3a332109268da3c677ad3180779fbf5
2025-08-28T09:45:43+00:00,pointsbet,https://pointsbet.com.au/sports/aussie-rules/AFL/2406663,H2H_or_Unknown,Unparsed,Sel8,,0.95,,2025,finals_w1,e17bde4a9cce8a32cd13a23015e8c89378b2469955604717aff4a9edcc31790c
2025-08-28T09:45:46+00:00,pointsbet,https://pointsbet.com.au/sports/aussie-rules/AFL/2403225,H2H_or_Unknown,Unparsed,Sel8,,0.95,,2025,finals_w1,10a252667b35d217199a7227b20ece900338cd2e33ad8a65a0080456f72c36e4
2025-08-28T09:45:40+00:00,pointsbet,https://pointsbet.com.au/sports/aussie-rules/AFL/2406664,H2H_or_Unknown,Unparsed,Sel14,,1.39,,2025,finals_w1,ccf554c5f5ed9f595cd8eca2a23a69d40f6c0c356f6cba1b641eb6d92450f6ff
2025-08-28T09:45:40+00:00,pointsbet,https://pointsbet.com.au/sports/aussie-rules/AFL/2406664,H2H_or_Unknown,Unparsed,Sel1,,3.47,,2025,finals_w1,26d8339fca19c8372cea7f88ce7ba9bdb8401cbdf92670b3247846f0c6d4b1cf
2025-08-28T09:45:40+00:00,pointsbet,https://pointsbet.com.au/sports/aussie-rules/AFL/2406664,H2H_or_Unknown,Unparsed,Sel4,,0.95,,2025,finals_w1,ee65edc0d3d0d6bd84274fab74a4ee48962ae3f3b4e1ecdced72041565028d40
2025-08-28T09:45:40+00:00,pointsbet,https://pointsbet.com.au/sports/aussie-rules/AFL/2406664,H2H_or_Unknown,Unparsed,Sel20,,1.02,,2025,finals_w1,9480d426bb30a3be3bd72afce017e42a20500d8533ff7c0014d32ed48ce10b04
2025-08-28T09:47:54+00:00,sportsbet,https://www.sportsbet.com.au/betting/australian-rules/afl/fremantle-v-gold-coast-suns-9554694,H2H_or_Unknown,Unparsed,Sel9,,0.23,,2025,regular,f97b40840c5dd8a8f1bff532e59fff65b10341599af88f0aaf83e27edf1591d4
2025-08-28T09:47:58+00:00,sportsbet,https://www.sportsbet.com.au/betting/australian-rules/afl/geelong-cats-v-brisbane-lions-9551769,H2H_or_Unknown,Unparsed,Sel15,,0.23,,2025,finals_w1,ffe82a7c719a647c3f90a06aeb583f8c3cb2fbbbf8c2d462eeb1e8c1b25cd55d
2025-08-28T09:47:58+00:00,sportsbet,https://www.sportsbet.com.au/betting/australian-rules/afl/geelong-cats-v-brisbane-lions-9551769,H2H_or_Unknown,Unparsed,Sel6,,0.32,,2025,finals_w1,a3539444ccce192aa31436e62d83fcb7099fa25bb3ae4cc5be0a6f6cb396ff64
2025-08-28T09:47:58+00:00,sportsbet,https://www.sportsbet.com.au/betting/australian-rules/afl/geelong-cats-v-brisbane-lions-9551769,H2H_or_Unknown,Unparsed,Sel8,,0.32,,2025,finals_w1,956a2b9fc2b8e507ed986ae76f1f4777f6726415f2294a022b05725ae2a20ffc
2025-08-28T09:45:46+00:00,pointsbet,https://pointsbet.com.au/sports/aussie-rules/AFL/2403225,H2H_or_Unknown,Unparsed,Sel10,,2.63,,2025,finals_w1,8700271416d3314c3d7e16201779c916895eaa2a33909fe1d911fb5b15ee5794
2025-08-28T09:45:37+00:00,pointsbet,https://pointsbet.com.au/sports/aussie-rules/AFL/2403224,H2H_or_Unknown,Unparsed,Sel18,,2.63,,2025,finals_w1,bfbf987268f17c76dfe3d29b39e72468aaf6a5aa79c1dc6a2ced6b541282a8eb
2025-08-28T09:47:58+00:00,sportsbet,https://www.sportsbet.com.au/betting/australian-rules/afl/geelong-cats-v-brisbane-lions-9551769,H2H_or_Unknown,Unparsed,Sel16,,0.32,,2025,finals_w1,b9fd747c0dab43c9c1f7823fee426f60e7bf8ecfeb703de45daa856776b5963c
2025-08-28T09:47:58+00:00,sportsbet,https://www.sportsbet.com.au/betting/australian-rules/afl/geelong-cats-v-brisbane-lions-9551769,H2H_or_Unknown,Unparsed,Sel13,,0.23,,2025,finals_w1,f939754926edde19c2c63a7c89cc0cc3ec2535ff815f77da24b3946391d0f706
2025-08-28T09:45:49+00:00,pointsbet,https://pointsbet.com.au/sports/aussie-rules/AFL/2403224,H2H_or_Unknown,Unparsed,Sel1,,3.47,,2025,finals_w1,fed1038a93703f3b3fe81673de48b3a434a8cd50bbccdf4143cc739687f47dc4
2025-08-28T09:45:43+00:00,pointsbet,https://pointsbet.com.au/sports/aussie-rules/AFL/2406663,H2H_or_Unknown,Unparsed,Sel3,,4.16,,2025,finals_w1,779f51ae6da5bc92ad3fbb56249d25c2a39b31121c27741e40333aa028b7fbd4
2025-08-28T09:47:54+00:00,sportsbet,https://www.sportsbet.com.au/betting/australian-rules/afl/fremantle-v-gold-coast-suns-9554694,H2H_or_Unknown,Unparsed,Sel13,,0.23,,2025,regular,83fc199f61753a3b536f8355910c5ba00f2b52e3d495a3a0c47a823825a78f3d
2025-08-28T09:45:43+00:00,pointsbet,https://pointsbet.com.au/sports/aussie-rules/AFL/2406663,H2H_or_Unknown,Unparsed,Sel2,,1.15,,2025,finals_w1,9ddcfc8e1272db22fa949ff393b15aae37916d773985dcb57a1087d8f8642390
2025-08-28T09:47:54+00:00,sportsbet,https://www.sportsbet.com.au/betting/australian-rules/afl/fremantle-v-gold-coast-suns-9554694,H2H_or_Unknown,Unparsed,Sel18,,0.32,,2025,regular,99ffc6955245ce282c757ffa35bd21513bd04e0c10b6c14d1fdefd92f16146af
2025-08-28T09:45:43+00:00,pointsbet,https://pointsbet.com.au/sports/aussie-rules/AFL/2406663,H2H_or_Unknown,Unparsed,Sel18,,1.01,,2025,finals_w1,e9aebad0edd499efcab9f5edad6f4c4d3d3edfe42eb9f587d3144c6957b227d1
2025-08-28T09:45:46+00:00,pointsbet,https://pointsbet.com.au/sports/aussie-rules/AFL/2403225,H2H_or_Unknown,Unparsed,Sel7,,0.95,,2025,finals_w1,1d09780d0f692973cbc85edf9487bf6becf4b9517cd76d49f443f3ce2f926a41
2025-08-28T09:45:37+00:00,pointsbet,https://pointsbet.com.au/sports/aussie-rules/AFL/2403224,H2H_or_Unknown,Unparsed,Sel20,,1.29,,2025,finals_w1,8fae8a4c297ad903548cd5f08ceb19ca7f163cc7a07a2dead00cdbe0d43ac604
2025-08-28T09:45:49+00:00,pointsbet,https://pointsbet.com.au/sports/aussie-rules/AFL/2403224,H2H_or_Unknown,Unparsed,Sel17,,2.63,,2025,finals_w1,5bc9d300de4ed67ce17489410277553757f9f328d2ee79a45f4c8d6de93508d5
2025-08-28T09:45:40+00:00,pointsbet,https://pointsbet.com.au/sports/aussie-rules/AFL/2406664,H2H_or_Unknown,Unparsed,Sel10,,2.63,,2025,finals_w1,6a64d5e5ea6580749fb41ba5ffb78bd0206097e58281a645eff7d50d6dde568e
2025-08-28T09:45:37+00:00,pointsbet,https://pointsbet.com.au/sports/aussie-rules/AFL/2403224,H2H_or_Unknown,Unparsed,Sel11,,1.02,,2025,finals_w1,75bb032be03287c25fbe301c82034a5268f8f4cdf51733aa47095a45424f1d3a
2025-08-28T09:45:43+00:00,pointsbet,https://pointsbet.com.au/sports/aussie-rules/AFL/2406663,H2H_or_Unknown,Unparsed,Sel13,,4.77,,2025,finals_w1,ccd6a7501017936678a3a58df469541db18fcc2681864b23fbf89f9dec418a46
2025-08-28T09:45:46+00:00,pointsbet,https://pointsbet.com.au/sports/aussie-rules/AFL/2403225,H2H_or_Unknown,Unparsed,Sel11,,1.01,,2025,finals_w1,f5ff211bf0031a49f9d58a64ff5dbb8799eeecff904396b12c95b6127b51ee57
2025-08-28T09:45:37+00:00,pointsbet,https://pointsbet.com.au/sports/aussie-rules/AFL/2403224,H2H_or_Unknown,Unparsed,Sel7,,0.95,,2025,finals_w1,e9cc06c70d0d8d9fdb07dc5a45600833052b15273b8717a3d49b058d6d94cf7e
2025-08-28T09:45:49+00:00,pointsbet,https://pointsbet.com.au/sports/aussie-rules/AFL/2403224,H2H_or_Unknown,Unparsed,Sel16,,4.55,,2025,finals_w1,ad1c5f4297c3f90b50a5f5f5df560abb0dbbc38c64f8ca7b0cde09b949e6c2ca
2025-08-28T09:47:54+00:00,sportsbet,https://www.sportsbet.com.au/betting/australian-rules/afl/fremantle-v-gold-coast-suns-9554694,H2H_or_Unknown,Unparsed,Sel11,,0.23,,2025,regular,8e1fa192b051a9de6b2a31e26ff75c9c45e82ea16d267f080c46692e4e5bd0d7
2025-08-28T09:45:40+00:00,pointsbet,https://pointsbet.com.au/sports/aussie-rules/AFL/2406664,H2H_or_Unknown,Unparsed,Sel13,,4.77,,2025,finals_w1,465504f4de253323a54cb3b04e67c8216a964ccfd9f46c42123822f3e430f08f
2025-08-28T09:45:40+00:00,pointsbet,https://pointsbet.com.au/sports/aussie-rules/AFL/2406664,H2H_or_Unknown,Unparsed,Sel3,,4.16,,2025,finals_w1,dffdf975609338501aff5091f68b784c33b9ee92fcdca27c62b6c859793b7ec0
2025-08-28T09:45:37+00:00,pointsbet,https://pointsbet.com.au/sports/aussie-rules/AFL/2403224,H2H_or_Unknown,Unparsed,Sel14,,3.21,,2025,finals_w1,b8ef1f860833a5bb557f4deaccb5eb30732d35444115caf38e627848bf82af7c
2025-08-28T09:45:43+00:00,pointsbet,https://pointsbet.com.au/sports/aussie-rules/AFL/2406663,H2H_or_Unknown,Unparsed,Sel20,,1.02,,2025,finals_w1,2430bd59a233f2b9021bbf2d08e55f98508be1a068d08fda1f6bc6fbe3cfd67d
2025-08-28T09:45:40+00:00,pointsbet,https://pointsbet.com.au/sports/aussie-rules/AFL/2406664,H2H_or_Unknown,Unparsed,Sel17,,2.63,,2025,finals_w1,c00921544e22e0d6842f6c9d67cef15262bdc239499677c2838cbff3849d2fe1
2025-08-28T09:45:37+00:00,pointsbet,https://pointsbet.com.au/sports/aussie-rules/AFL/2403224,H2H_or_Unknown,Unparsed,Sel4,,0.95,,2025,finals_w1,38513bdc8f2e9f033fc3c0daab6e9e2a1ed43b2bcc425ea8e9195135343c1ef3
2025-08-28T09:47:58+00:00,sportsbet,https://www.sportsbet.com.au/betting/australian-rules/afl/geelong-cats-v-brisbane-lions-9551769,H2H_or_Unknown,Unparsed,Sel2,,0.15,,2025,finals_w1,3f5ad37b841181ed2d127c72fad56dcba5752e80f6a8bccf6d47c7e834fd67be
2025-08-28T09:47:58+00:00,sportsbet,https://www.sportsbet.com.au/betting/australian-rules/afl/geelong-cats-v-brisbane-lions-9551769,H2H_or_Unknown,Unparsed,Sel12,,0.32,,2025,finals_w1,02b6d1ea346187be6a365d8355e3785669fd0b82aaaf72e04fbdbc5a55c3c9db
2025-08-28T09:45:49+00:00,pointsbet,https://pointsbet.com.au/sports/aussie-rules/AFL/2403224,H2H_or_Unknown,Unparsed,Sel10,,2.63,,2025,finals_w1,01f9391d1ab07a8ef8f17347a2f16bad15c683d658762beb3e324c66161fd18e
2025-08-28T09:47:58+00:00,sportsbet,https://www.sportsbet.com.au/betting/australian-rules/afl/geelong-cats-v-brisbane-lions-9551769,H2H_or_Unknown,Unparsed,Sel14,,0.32,,2025,finals_w1,b4ac154bbdc5fe122ff5e5bac41e6c135e3a7b2e6a8938aa2dab92d2c8a94892
2025-08-28T09:47:54+00:00,sportsbet,https://www.sportsbet.com.au/betting/australian-rules/afl/fremantle-v-gold-coast-suns-9554694,H2H_or_Unknown,Unparsed,Sel4,,0.32,,2025,regular,f47e302c47025b7e15a9985d1caef1f7fc814e3f9c5cb957fefefab53b8331dd
2025-08-28T09:45:43+00:00,pointsbet,https://pointsbet.com.au/sports/aussie-rules/AFL/2406663,H2H_or_Unknown,Unparsed,Sel10,,2.63,,2025,finals_w1,e0f978fc49a114771d8bf14f8c9ca594dd85cb6647bf7db0a6e5d43649fc1e0c
2025-08-28T09:45:46+00:00,pointsbet,https://pointsbet.com.au/sports/aussie-rules/AFL/2403225,H2H_or_Unknown,Unparsed,Sel14,,1.39,,2025,finals_w1,437724c46034c23d7f0da83376b46b721545ca1677f274e89b6775fdf092061d
2025-08-28T09:47:58+00:00,sportsbet,https://www.sportsbet.com.au/betting/australian-rules/afl/geelong-cats-v-brisbane-lions-9551769,H2H_or_Unknown,Unparsed,Sel17,,0.23,,2025,finals_w1,832f4a029026e833a16d558ad1f8b1858a054c2404c3e1093cfb762a5518a6b7
2025-08-28T09:47:54+00:00,sportsbet,https://www.sportsbet.com.au/betting/australian-rules/afl/fremantle-v-gold-coast-suns-9554694,H2H_or_Unknown,Unparsed,Sel20,,0.45,,2025,regular,3dfd1fa77e2be8f866f5a9fdf0c7f7fa4b967ae3de80c4dc0a0b64d189f9758a
2025-08-28T09:47:54+00:00,sportsbet,https://www.sportsbet.com.au/betting/australian-rules/afl/fremantle-v-gold-coast-suns-9554694,H2H_or_Unknown,Unparsed,Sel14,,0.32,,2025,regular,802ae9bc617dd01a771d6cfcb4a1c4b0fed64b1cc67b3a2e9a04b5b5bde9876e
2025-08-28T09:45:49+00:00,pointsbet,https://pointsbet.com.au/sports/aussie-rules/AFL/2403224,H2H_or_Unknown,Unparsed,Sel11,,1.01,,2025,finals_w1,3e200bc6e67e31710dbf0ceb96dd189b9bff9fa1d0906625309b904cab79932b
2025-08-28T09:45:49+00:00,pointsbet,https://pointsbet.com.au/sports/aussie-rules/AFL/2403224,H2H_or_Unknown,Unparsed,Sel18,,1.01,,2025,finals_w1,388b7a5310ec6567aacf108c96990331d7ff0169476e380bad99c26c92832797
2025-08-28T09:45:46+00:00,pointsbet,https://pointsbet.com.au/sports/aussie-rules/AFL/2403225,H2H_or_Unknown,Unparsed,Sel1,,3.47,,2025,finals_w1,8005663858b9d96a9becdc17e622d066e82c9d65e4443731e55035dae53536c5
2025-08-28T09:47:54+00:00,sportsbet,https://www.sportsbet.com.au/betting/australian-rules/afl/fremantle-v-gold-coast-suns-9554694,H2H_or_Unknown,Unparsed,Sel15,,0.23,,2025,regular,c7c15724c6f3136d7753cea66220cff8416026c22419429562564dc285be9ca2
2025-08-28T09:45:43+00:00,pointsbet,https://pointsbet.com.au/sports/aussie-rules/AFL/2406663,H2H_or_Unknown,Unparsed,Sel16,,4.55,,2025,finals_w1,efeb878bf553f5bda6d6e13aba4fd842add091c34a1e3f6228c228472e4773bc
2025-08-28T09:45:46+00:00,pointsbet,https://pointsbet.com.au/sports/aussie-rules/AFL/2403225,H2H_or_Unknown,Unparsed,Sel9,,4.55,,2025,finals_w1,0213b32ee09d5882d1e61d89d788d890e0f2a0af862129ddd787392cc3217e7b
2025-08-28T09:45:49+00:00,pointsbet,https://pointsbet.com.au/sports/aussie-rules/AFL/2403224,H2H_or_Unknown,Unparsed,Sel9,,4.55,,2025,finals_w1,5120f09e2bfdba0ced6de15b8dd4071bc7515a737f1960f85831059e70ea875d
2025-08-28T09:47:54+00:00,sportsbet,https://www.sportsbet.com.au/betting/australian-rules/afl/fremantle-v-gold-coast-suns-9554694,H2H_or_Unknown,Unparsed,Sel1,,0.15,,2025,regular,6ff71361eef1f1e7a4de8b4e5adf3d4fa04a8351e94db36496a7b81de714d0a7
2025-08-28T09:47:58+00:00,sportsbet,https://www.sportsbet.com.au/betting/australian-rules/afl/geelong-cats-v-brisbane-lions-9551769,H2H_or_Unknown,Unparsed,Sel4,,0.32,,2025,finals_w1,70b5228da172f84c89e1b5da1bdefc5c888800a0c730af135240a2e31c620f25
2025-08-28T09:47:54+00:00,sportsbet,https://www.sportsbet.com.au/betting/australian-rules/afl/fremantle-v-gold-coast-suns-9554694,H2H_or_Unknown,Unparsed,Sel17,,0.23,,2025,regular,d637785d3b9a5145dc38c3873174f896b987a3f19cd9f5f2e566e96c6323d607
2025-08-28T09:45:46+00:00,pointsbet,https://pointsbet.com.au/sports/aussie-rules/AFL/2403225,H2H_or_Unknown,Unparsed,Sel5,,0.95,,2025,finals_w1,ad0e7e020ec0caa17837943aaa02949158bb32c1e87b8c71e271ec2f8b4f1b15
2025-08-28T09:45:40+00:00,pointsbet,https://pointsbet.com.au/sports/aussie-rules/AFL/2406664,H2H_or_Unknown,Unparsed,Sel18,,1.01,,2025,finals_w1,e298a3491f2714c1c765d5d6e6320ba9b74439c0f230b329c43bfe271eb137c8
2025-08-28T09:45:46+00:00,pointsbet,https://pointsbet.com.au/sports/aussie-rules/AFL/2403225,H2H_or_Unknown,Unparsed,Sel13,,4.77,,2025,finals_w1,b8cd1ded0e5086cf05114e9cdffbe8272749c2db9c3f87679d0c0c800f859dbf
2025-08-28T09:45:43+00:00,pointsbet,https://pointsbet.com.au/sports/aussie-rules/AFL/2406663,H2H_or_Unknown,Unparsed,Sel4,,0.95,,2025,finals_w1,dd7bc9b4816259e1a9cfb954adf1b82cc3d90855526eef6dc030c73ee04a9b85
2025-08-28T09:45:46+00:00,pointsbet,https://pointsbet.com.au/sports/aussie-rules/AFL/2403225,H2H_or_Unknown,Unparsed,Sel20,,1.02,,2025,finals_w1,3009bbbc470b027afb9e910ee25ded092e96bb67c600c44f85e8d4a215ecaad5
2025-08-28T09:47:58+00:00,sportsbet,https://www.sportsbet.com.au/betting/australian-rules/afl/geelong-cats-v-brisbane-lions-9551769,H2H_or_Unknown,Unparsed,Sel10,,0.32,,2025,finals_w1,a80ba53dc4b4f5c687216f82a12228bb715c64f0014723737d53813ce8552fd6
2025-08-28T09:47:54+00:00,sportsbet,https://www.sportsbet.com.au/betting/australian-rules/afl/fremantle-v-gold-coast-suns-9554694,H2H_or_Unknown,Unparsed,Sel10,,0.32,,2025,regular,b1a4b7bbd98387748ec558fa7f23aa25796ca72162550507ab1c376650f8b95b
2025-08-28T09:45:40+00:00,pointsbet,https://pointsbet.com.au/sports/aussie-rules/AFL/2406664,H2H_or_Unknown,Unparsed,Sel6,,0.95,,2025,finals_w1,793e01cd5d8c76a99620f76436346980e5017fce6a1a059298ea72d3e570f91b
2025-08-28T09:45:37+00:00,pointsbet,https://pointsbet.com.au/sports/aussie-rules/AFL/2403224,H2H_or_Unknown,Unparsed,Sel6,,0.95,,2025,finals_w1,b5657d04b8348dd98be80c0dc01e85b21dd0b6dce8249f27bc9bfdc2172b2c8a
2025-08-28T09:45:46+00:00,pointsbet,https://pointsbet.com.au/sports/aussie-rules/AFL/2403225,H2H_or_Unknown,Unparsed,Sel15,,3.21,,2025,finals_w1,75257a8cdbd96b143fe4d9f3b60862f03161651496c8dbb16af08f0c9fa5c607
2025-08-28T09:45:40+00:00,pointsbet,https://pointsbet.com.au/sports/aussie-rules/AFL/2406664,H2H_or_Unknown,Unparsed,Sel2,,1.15,,2025,finals_w1,33af3ba0fe0311a987765dda262c73d201f2236945de31210697098059492b46
2025-08-28T09:45:37+00:00,pointsbet,https://pointsbet.com.au/sports/aussie-rules/AFL/2403224,H2H_or_Unknown,Unparsed,Sel8,,4.55,,2025,finals_w1,8e52d01d9e69913853748f95c8054694effb288d19f57051521d2b576b0d0ac7
2025-08-28T09:45:43+00:00,pointsbet,https://pointsbet.com.au/sports/aussie-rules/AFL/2406663,H2H_or_Unknown,Unparsed,Sel15,,3.21,,2025,finals_w1,ac0868d79154e5510e6afb57d70d28083a7a18ae91b821bcab3cabc262663f69
2025-08-28T09:45:46+00:00,pointsbet,https://pointsbet.com.au/sports/aussie-rules/AFL/2403225,H2H_or_Unknown,Unparsed,Sel16,,4.55,,2025,finals_w1,ed781ad78102056a712451fd2a28c7a6eb211cf85a327e84d81137269e01015f
2025-08-28T09:45:37+00:00,pointsbet,https://pointsbet.com.au/sports/aussie-rules/AFL/2403224,H2H_or_Unknown,Unparsed,Sel2,,4.16,,2025,finals_w1,f5fef3797fcc1e1658aa175812b2969f8c3d02478df29ec0b9eeb827f76ce448
2025-08-28T09:45:37+00:00,pointsbet,https://pointsbet.com.au/sports/aussie-rules/AFL/2403224,H2H_or_Unknown,Unparsed,Sel13,,1.39,,2025,finals_w1,f2554ba579a639b27069a8e4386c6fdb0f2cd588be2dbd7bd28942b35e742153
2025-08-28T09:45:43+00:00,pointsbet,https://pointsbet.com.au/sports/aussie-rules/AFL/2406663,H2H_or_Unknown,Unparsed,Sel9,,4.55,,2025,finals_w1,84a7efea6b2271a0effc65c42b2424b1663b5b49131e799b72fdd9442db5a5d2
2025-08-28T09:45:37+00:00,pointsbet,https://pointsbet.com.au/sports/aussie-rules/AFL/2403224,H2H_or_Unknown,Unparsed,Sel1,,1.15,,2025,finals_w1,fcbac0df3796155104e775852e38e2800868a49e33739a1ce6026de6fefec6ee
2025-08-28T09:45:37+00:00,pointsbet,https://pointsbet.com.au/sports/aussie-rules/AFL/2403224,H2H_or_Unknown,Unparsed,Sel19,,1.02,,2025,finals_w1,69aca494a3a74b211956c3ac2864e5cfb3be63e8132895d1eb7b50befd523d07
2025-08-28T09:47:58+00:00,sportsbet,https://www.sportsbet.com.au/betting/australian-rules/afl/geelong-cats-v-brisbane-lions-9551769,H2H_or_Unknown,Unparsed,Sel9,,0.23,,2025,finals_w1,c6806e2db04ad94ef8e12dbafe5e537e407ff1eeed56e3328b9670d0ff4c9621
2025-08-28T09:45:46+00:00,pointsbet,https://pointsbet.com.au/sports/aussie-rules/AFL/2403225,H2H_or_Unknown,Unparsed,Sel12,,1.02,,2025,finals_w1,492e6d2698561e7ecae5b55b1e2510c5f19be138fa26a0b8d068b13b86a8395b
2025-08-28T09:47:58+00:00,sportsbet,https://www.sportsbet.com.au/betting/australian-rules/afl/geelong-cats-v-brisbane-lions-9551769,H2H_or_Unknown,Unparsed,Sel3,,0.23,,2025,finals_w1,0eaacee98c89812331a463f91d92a730f1a8b934f98d5ebe89068e675c293aba
2025-08-28T09:47:58+00:00,sportsbet,https://www.sportsbet.com.au/betting/australian-rules/afl/geelong-cats-v-brisbane-lions-9551769,H2H_or_Unknown,Unparsed,Sel7,,0.23,,2025,finals_w1,10c023a232cdb25708b5f39170144c42f532e9c159ad8ca470df454d69eadeed
2025-08-28T09:45:49+00:00,pointsbet,https://pointsbet.com.au/sports/aussie-rules/AFL/2403224,H2H_or_Unknown,Unparsed,Sel3,,4.16,,2025,finals_w1,a6101e4d14434e1f343f4555b757f19b10c94f38bcc8bf255e561d90f886084b
2025-08-28T09:45:49+00:00,pointsbet,https://pointsbet.com.au/sports/aussie-rules/AFL/2403224,H2H_or_Unknown,Unparsed,Sel14,,1.39,,2025,finals_w1,de22a1376339cd3cecebbed99a5f086215210e4fc1fb75e317784b0e53b65df9
2025-08-28T09:45:40+00:00,pointsbet,https://pointsbet.com.au/sports/aussie-rules/AFL/2406664,H2H_or_Unknown,Unparsed,Sel9,,4.55,,2025,finals_w1,7f5e6ba4cad2a22504445f19de747764c3fcd845b977003a4bd608328fe45c87
2025-08-28T09:47:54+00:00,sportsbet,https://www.sportsbet.com.au/betting/australian-rules/afl/fremantle-v-gold-coast-suns-9554694,H2H_or_Unknown,Unparsed,Sel19,,0.25,,2025,regular,a2a176b87b07cb0e076373dcce6b7eb8e2d4bea6c6a91d719bff66da80fa968e
2025-08-28T09:45:37+00:00,pointsbet,https://pointsbet.com.au/sports/aussie-rules/AFL/2403224,H2H_or_Unknown,Unparsed,Sel9,,2.63,,2025,finals_w1,78517820542ec83f71b0c90476b2d1c20cc3dc048453feb6000477767e9e7cb5
2025-08-28T09:45:37+00:00,pointsbet,https://pointsbet.com.au/sports/aussie-rules/AFL/2403224,H2H_or_Unknown,Unparsed,Sel17,,1.01,,2025,finals_w1,878a9acebc2bffcfb51396a631cae945d4e4252aae2faaf5e5449e292c9f66d4
2025-08-28T09:45:49+00:00,pointsbet,https://pointsbet.com.au/sports/aussie-rules/AFL/2403224,H2H_or_Unknown,Unparsed,Sel12,,1.02,,2025,finals_w1,a13e607320965008994a0c1b166160569ccb0af1d81940b9af7fceb33e848617
2025-08-28T09:45:37+00:00,pointsbet,https://pointsbet.com.au/sports/aussie-rules/AFL/2403224,H2H_or_Unknown,Unparsed,Sel5,,0.95,,2025,finals_w1,bf4389cc83f8d6b2e7a9fb0d0b51e03e562eefa6204129e0b6bc658b1ba642d7
2025-08-28T09:45:37+00:00,pointsbet,https://pointsbet.com.au/sports/aussie-rules/AFL/2403224,H2H_or_Unknown,Unparsed,Sel10,,1.01,,2025,finals_w1,b12b1c4ffd1ff3f2772dcc3dfe810c1bfd91a5a52c1458db8922f822358e70a7
2025-08-28T09:45:40+00:00,pointsbet,https://pointsbet.com.au/sports/aussie-rules/AFL/2406664,H2H_or_Unknown,Unparsed,Sel19,,2.63,,2025,finals_w1,6f1e87e57ba2ca14ae065a05f3a0d2600ac57737aa68db064bff3fb85b4c95c8
2025-08-28T09:47:54+00:00,sportsbet,https://www.sportsbet.com.au/betting/australian-rules/afl/fremantle-v-gold-coast-suns-9554694,H2H_or_Unknown,Unparsed,Sel6,,0.32,,2025,regular,7f5f877e91b807926124cf480faf261be1143d0b86c70e1d501fa2136de3b8e4
2025-08-28T09:45:49+00:00,pointsbet,https://pointsbet.com.au/sports/aussie-rules/AFL/2403224,H2H_or_Unknown,Unparsed,Sel8,,0.95,,2025,finals_w1,5057540375f85b4040e6a9e8b12461e8e1bb48e30b3d1b59789fba7292aa08a9
2025-08-28T09:47:54+00:00,sportsbet,https://www.sportsbet.com.au/betting/australian-rules/afl/fremantle-v-gold-coast-suns-9554694,H2H_or_Unknown,Unparsed,Sel8,,0.32,,2025,regular,eddf6a3da8358ff462fabbd2828b830565fc439badc5d181a643b2e851f6acd5
2025-08-28T09:45:40+00:00,pointsbet,https://pointsbet.com.au/sports/aussie-rules/AFL/2406664,H2H_or_Unknown,Unparsed,Sel12,,1.02,,2025,finals_w1,aa8f9280a39606ebc0e891d24a45ecaab68ab032144f36a87b85de8d6f1246f6
2025-08-28T09:45:46+00:00,pointsbet,https://pointsbet.com.au/sports/aussie-rules/AFL/2403225,H2H_or_Unknown,Unparsed,Sel18,,1.01,,2025,finals_w1,a5a2615cb8cd6e583dff5f04948beb1c4a1430a82adc3261e902c9fd509a44bd
2025-08-28T09:47:54+00:00,sportsbet,https://www.sportsbet.com.au/betting/australian-rules/afl/fremantle-v-gold-coast-suns-9554694,H2H_or_Unknown,Unparsed,Sel12,,0.32,,2025,regular,2254d321f66d134d05c8cd2138361409e262a05da2d5c7db3f49cd9f45c6f68c
